0,Traditional,Hot Cross Buns
0,Traditional,Mary Had a Little Lamb
0,Traditional,Gently Sleep
0,Traditional,Au Clair de la Lune
0,Traditional,Go Tell Aunt Rhody
0,Traditional,This Old Man
0,Traditional,The Muffin Man
0,Traditional,"Twinkle, Twinkle, Little Star"
0,Ferdinand Beyer,"Exercise No. 1 from Vorschule im Klavierspiel, Op. 101"
0,Ferdinand Beyer,Exercise No. 2 from Op. 101
0,Ferdinand Beyer,Exercise No. 3 from Op. 101
0,Louis Köhler,"Exercise No. 1 from The Very Easiest Studies, Op. 190"
0,Louis Köhler,Exercise No. 2 from Op. 190
0,Louis Köhler,Exercise No. 3 from Op. 190
0,Carl Czerny,"Exercise from The Little Pianist, Op. 823, No. 1"
0,Carl Czerny,"Exercise from Op. 823, No. 2"
0,Carl Czerny,"Exercise from Op. 823, No. 3"
0,Béla Bartók,"Unison Melody 1 from Mikrokosmos, Vol. 1"
0,Traditional,Ode to Joy (Simplified)
0,Traditional,"Jingle Bells (Simplified, C position)"
0,Traditional,"Row, Row, Row Your Boat"
0,Traditional,London Bridge is Falling Down
0,Traditional,Are You Sleeping? (Frère Jacques)
0,Cornelius Gurlitt,"To Begin With, from Easiest Studies, Op. 117, No. 1"
0,Cornelius Gurlitt,"A Little Piece, from Album for the Young, Op. 140, No. 1"
0,Hermann Berens,"Piece No. 1 from 50 Piano Pieces for First Beginners, Op. 70"
0,Daniel Gottlob Türk,The Most Essential Practice Pieces No. 1
0,Cornelius Gurlitt,"The Easiest Way, Op. 101, No. 1"
0,Cornelius Gurlitt,"A Child's Song, from Op. 117, No. 2"
0,Ferdinand Beyer,Exercise No. 8 from Op. 101
0,Ferdinand Beyer,Exercise No. 15 from Op. 101
0,Ferdinand Beyer,Exercise No. 18 from Op. 101
0,Traditional,Lightly Row (Simple C Major Arrangement)
0,Alexander Reinagle,"Promenade, from 24 Short and Easy Pieces, Op. 1, No. 1"
0,Alexander Reinagle,"Procession, from Op. 1, No. 2"
0,James Hook,"Lesson No. 1 in C from Guida di musica, Op. 37"
0,Alexander Reinagle,"Allegro from 24 Short and Easy Pieces, Op. 1 No. 5"
0,Daniel Gottlob Türk,The Lively Boy from 60 Pieces for Aspiring Keyboardists
0,Daniel Gottlob Türk,"Contentment, from 60 Pieces"
0,W.A. Mozart,"Andante in C major, K. 1a (from Nannerl Music Book)"
0,Leopold Mozart,Minuet in F major (from Notebook for Wolfgang)
0,Leopold Mozart,Bourrée in F major (from Nannerl Music Book)
0,Cornelius Gurlitt,"Morning Prayer, Op. 82 No. 5"
0,Henri Bertini,"Etude No. 1 from 25 Primary Etudes, Op. 137"
0,Henri Bertini,Etude No. 2 from Op. 137
0,Samuil Maykapar,"In the Garden from First Steps, Op. 29 No. 1"
0,Ferdinand Beyer,Exercise No. 22 from Op. 101 (Introduces LH melody)
0,Ferdinand Beyer,Exercise No. 25 from Op. 101
0,Ferdinand Beyer,Exercise No. 28 from Op. 101
0,Béla Bartók,"Unison Melody 2 from Mikrokosmos, Vol. 1"
0,Béla Bartók,"Unison Melody 3 from Mikrokosmos, Vol. 1"
0,Louis Köhler,Exercise No. 5 from Op. 190
0,Louis Köhler,Exercise No. 6 from Op. 190
0,Louis Köhler,Exercise No. 7 from Op. 190
0,Jean-Louis Streabbog,"A Pleasant Morning, Op. 63 No. 1"
0,Cornelius Gurlitt,"Serene Morning, Op. 82 No. 1"
0,Cornelius Gurlitt,"March, from Album for the Young, Op. 140, No. 3"
0,Cornelius Gurlitt,"Andante, from Op. 117, No. 4"
0,Daniel Gottlob Türk,Carefree Hans
0,Anton Diabelli,"Exercise No. 3 in C from Melodious Exercises, Op. 149"
0,Carl Czerny,"Exercise from Practical Method, Op. 599, No. 1"
0,Carl Czerny,"Exercise from Op. 599, No. 2"
0,Carl Czerny,"Exercise from Op. 599, No. 3"
0,Ferdinand Beyer,Exercise No. 30 from Op. 101
0,Daniel Gottlob Türk,"Arioso, from 60 Pieces for Aspiring Keyboardists"
0,Alexander Reinagle,"Minuetto, Op. 1 No. 6"
0,Alexander Reinagle,"Minuet No. 2, from Op. 1, No. 7"
0,W.A. Mozart,"Minuet in F major, K. 2"
0,W.A. Mozart,"Minuet in C major, K. 1g (from Nannerl Music Book)"
0,Daniel Gottlob Türk,"The Echo, from 60 Pieces"
0,Daniel Gottlob Türk,"Little Rondo, from 60 Pieces"
0,Daniel Gottlob Türk,"The Dancing Master, from 60 Pieces"
0,Daniel Gottlob Türk,A Cheerful Air
0,J. W. Hässler,"Piece No. 1 from 50 Pieces for Beginners, Op. 38"
0,J. W. Hässler,Piece No. 2 from Op. 38
0,J. W. Hässler,"Andantino, from Op. 38, No. 7"
0,J. W. Hässler,"Allegro, from Op. 38, No. 8"
0,Samuil Maykapar,"The Little Orphan, Op. 29 No. 5"
0,Samuil Maykapar,"First Steps, Op. 29, No. 2"
0,Béla Bartók,"Dotted Notes from Mikrokosmos, Vol. 1"
0,Cornelius Gurlitt,"Undismayed, Op. 82 No. 13"
0,Cornelius Gurlitt,"A Sad Tale, from Op. 117, No. 8"
0,Jean-Louis Streabbog,"The Little Chatterbox, Op. 63 No. 2"
0,Jean-Louis Streabbog,"A Sad Story, Op. 63 No. 3"
0,James Hook,"Minuetto, from Guida di musica, Op. 37"
0,James Hook,"Andantino, from Guida di musica, Op. 37"
0,Ferdinand Beyer,Exercise No. 35 from Op. 101
0,Ferdinand Beyer,Exercise No. 40 from Op. 101
0,Ferdinand Beyer,Exercise No. 45 from Op. 101 (Simple scale patterns)
0,Ferdinand Beyer,Exercise No. 50 from Op. 101
0,James Hook,"Gavotte, from Guida di musica, Op. 37"
0,W.A. Mozart,"Minuet in G major, K. 1e"
0,W.A. Mozart,"Allegro in F major, K. 1c"
0,W.A. Mozart,"Minuet in G major, K. 1f (Nannerl Music Book)"
0,Alexander Reinagle,"Minuet, Op. 1 No. 10"
0,Alexander Reinagle,"Gavotte, from Op. 1, No. 11"
0,Ludwig Schytte,"Study in C, Op. 160 No. 1"
0,Ludwig Schytte,"Andante, Op. 160 No. 2"
0,Samuil Maykapar,"Shepherd's Pipe, from First Steps, Op. 29"
0,Cornelius Gurlitt,"A Little Dance, Op. 205"
0,Cornelius Gurlitt,"A Serious Moment, from Op. 82, No. 8"
0,Samuil Maykapar,"Lullaby, Op. 29 No. 8"
0,Daniel Gottlob Türk,A Melancholy Mood
0,Daniel Gottlob Türk,11 Pieces from 60 Pieces for the Beginning Pianist
0,Cornelius Gurlitt,"Cradle Song, Op. 82 No. 15"
0,Cornelius Gurlitt,"A Folk Song, from The First Lessons, Op. 117, No. 11"
0,Cornelius Gurlitt,"Little Waltz, from Op. 101, No. 10"
0,Anton Diabelli,"Exercise No. 7 in G from Melodious Exercises, Op. 149"
0,Anton Diabelli,Exercise No. 8 in C from Op. 149
0,W.A. Mozart,"Minuet in F major, K. 5 (Nannerl Music Book)"
0,W.A. Mozart,"Minuet in C major, K. 6"
0,James Hook,"Rondo No. 9 in C from Guida di musica, Op. 37"
0,James Hook,"Allegro in C, from A Christmas Box, Vol. 2"
0,Carl Czerny,"Exercise from 100 Progressive Studies, Op. 139, No. 1"
0,Carl Czerny,"Exercise from Op. 139, No. 2"
0,Carl Czerny,"Exercise from Op. 139, No. 3"
0,Carl Czerny,"Exercise from Op. 139, No. 4"
0,Carl Czerny,"Exercise from Op. 139, No. 5"
0,Carl Czerny,"Exercise from Op. 139, No. 6"
0,Carl Czerny,"Exercise from Op. 139, No. 7"
0,Carl Czerny,"Exercise from Op. 139, No. 8"
0,Henri Lemoine,"Etude No. 2 from Études enfantines, Op. 37"
0,Hermann Berens,"Study in C, from 20 Children Studies, Op. 79, No. 1"
0,Theodor Oesten,"Echo, from Mayflowers, Op. 61 No. 11"
0,Theodor Oesten,"Doll's Song, from Op. 61, No. 2"
0,Aleksandr Gretchaninov,"First Steps, from Children's Book, Op. 98, No. 1"
0,Aleksandr Gretchaninov,"A Sad Song, Op. 98, No. 3"
0,Béla Bartók,"Repetition, from Mikrokosmos, Vol. 1, No. 5"
0,Béla Bartók,"Quasi adagio, from Mikrokosmos, Vol. 1, No. 9"
0,Béla Bartók,"Parallel Motion, from Mikrokosmos, Vol. 1, No. 11"
0,Béla Bartók,"Reflection, from Mikrokosmos, Vol. 1, No. 12"
0,Béla Bartók,"Canon at the Octave, from Mikrokosmos, Vol. 1, No. 23"
0,Samuil Maykapar,"Little Commander, from First Steps, Op. 29"
0,Dmitri Kabalevsky,"First Piece, from 24 Pieces for Children, Op. 39"
0,Dmitri Kabalevsky,"A Little Song, Op. 39, No. 1"
0,W.A. Mozart,"Allegro in B-flat major, K. 3 (First section)"
0,Ferdinand Beyer,Andante from Op. 101 No. 60
0,Ferdinand Beyer,"Waltz, from Op. 101, No. 63"
0,Ferdinand Beyer,"Galop, from Op. 101, No. 70"
0,Carl Czerny,"Waltz in C, Op. 777, No. 4"
0,Anton Diabelli,"Vivace, Op. 125, No. 7"
0,Cornelius Gurlitt,"Theme, Op. 130, No. 1"
0,J. W. Hässler,"Minuetto, Op. 38, No. 10"
0,James Hook,"Allegretto in F, Op. 81"
0,Traditional,Good King Wenceslas
0,J.S. Bach,"Chorale 'Rejoice, O My Soul' (Simplified melody)"
0,J.S. Bach (arr.),Bist du bei mir (Very simplified melody line)
0,J.S. Bach (arr.),"Jesu, Joy of Man's Desiring (Simplified theme)"
0,Frédéric Chopin,"Main Theme from Nocturne, Op. 9 No. 2 (Simplified)"
0,Traditional,Au Clair de la Lune (different simple arrangement)
0,Traditional,The Wheels on the Bus
0,Traditional,Itsy Bitsy Spider
0,Traditional,Old MacDonald Had a Farm
0,Traditional,Skip to My Lou
0,Carl Czerny,"Exercise from Op. 823, No. 4"
0,Carl Czerny,"Exercise from Op. 823, No. 5"
0,Carl Czerny,"Exercise from Op. 823, No. 6"
0,Ferdinand Beyer,"Exercise No. 4 from Vorschule im Klavierspiel, Op. 101"
0,Ferdinand Beyer,Exercise No. 5 from Op. 101
0,Ferdinand Beyer,Exercise No. 6 from Op. 101
0,Ferdinand Beyer,Exercise No. 7 from Op. 101
0,Louis Köhler,"Exercise No. 4 from The Very Easiest Studies, Op. 190"
0,Hermann Berens,"Little Study, from 25 Children Studies, Op. 79, No. 2"
0,Cornelius Gurlitt,"A Little Piece from First Steps for the Young Pianist, Op. 82"
0,Cornelius Gurlitt,"Morning Recreation, Op. 117, No. 6"
0,Cornelius Gurlitt,"Cradle Song, Op. 117, No. 17"
0,Béla Bartók,"Unison Melody 4 from Mikrokosmos, Vol. 1"
0,Béla Bartók,"With alternate notes 1a, from Mikrokosmos, Vol. 1, No. 7"
0,Béla Bartók,"With alternate notes 1b, from Mikrokosmos, Vol. 1, No. 8"
0,Béla Bartók,"In G Position from Mikrokosmos, Vol. 1, No. 27"
0,Béla Bartók,"Little Song from For Children, Vol. 1, Sz. 42"
0,Dmitri Kabalevsky,"Slow Dance from 24 Pieces for Children, Op. 39"
0,Dmitri Kabalevsky,"A Little Scherzo, Op. 39, No. 6"
0,Dmitri Kabalevsky,"Funny Story, Op. 39, No. 8"
0,Dmitri Kabalevsky,"Song of the Cavalry, Op. 27, No. 29"
0,Dmitri Kabalevsky,"A Little Piece from 30 Pieces for Children, Op. 27, No. 2"
0,Dmitri Kabalevsky,"Sad Story, Op. 27, No. 3"
0,Dmitri Kabalevsky,"Etude in C from 30 Pieces for Children, Op. 27, No. 3"
0,Alexander Reinagle,"Scherzo from 24 Easy Pieces, Op. 1, No. 8"
0,Alexander Reinagle,"Allegretto from 24 Short and Easy Pieces, Op. 1 No. 4"
0,James Hook,"Minuet from Guida di musica, Op. 37"
0,James Hook,"Rondo No. 1 in C from Guida di musica, Op. 37"
0,Daniel Gottlob Türk,"Carefree from 60 Pieces for Aspiring Keyboardists, No. 2"
0,Daniel Gottlob Türk,"Minuet from 60 Pieces for Aspiring Keyboardists, No. 10"
0,Daniel Gottlob Türk,"Youthful Joy from 60 Pieces for Aspiring Keyboardists, No. 5"
0,Hermann Berens,"Piece No. 2 from 50 Piano Pieces for First Beginners, Op. 70"
0,Hermann Berens,"Piece No. 3 from 50 Piano Pieces for First Beginners, Op. 70"
0,Anton Diabelli,"Exercise No. 1 in C from Melodious Exercises, Op. 149"
0,Anton Diabelli,"Exercise No. 2 in C from Melodious Exercises, Op. 149"
0,Samuil Maykapar,"Pastorale from First Steps, Op. 29"
0,Samuil Maykapar,"In the Little Garden, Op. 29, No. 4"
0,Camille Saint-Saëns,The Swan from Carnival of the Animals (Simplified)
0,Joseph Haydn,Surprise Symphony Theme (Simplified)
0,Johannes Brahms,Lullaby (Simplified Theme)
0,William Walton,"Dialogue, from Music for Children, Book 1"
0,Dmitri Kabalevsky,"A Little Piece, Op. 27, No.1"
0,Dmitri Kabalevsky,"Waltz, Op. 39, No. 13"
0,Aleksandr Gretchaninov,"The Sick Kitten, Op. 98, No. 6"
0,Cécile Chaminade,"Intermezzo from Album des enfants, Book 1, Op. 123"
1,Robert Schumann,"Melody from Album for the Young, Op. 68 No. 1"
1,Robert Schumann,"A Little Piece, Op. 68, No. 5"
1,Robert Schumann,"Humming Song, Op. 68 No. 3"
1,Robert Schumann,"A Chorale, Op. 68, No. 4"
1,Dmitri Kabalevsky,"Little Song from 30 Pieces for Children, Op. 27 No. 1"
1,Dmitri Kabalevsky,"Playing Ball, Op. 27, No. 4"
1,Dmitri Kabalevsky,"A Little Prank, Op. 27, No. 17"
1,Henri Lemoine,"Etude No. 1 in C from Études enfantines, Op. 37"
1,Carl Czerny,"Exercise No. 5 from 160 Eight-Measure Exercises, Op. 821"
1,Carl Czerny,"Exercise from Practical Method, Op. 599, No. 10"
1,Carl Czerny,"Exercise from Op. 599, No. 11"
1,Carl Czerny,"Exercise from Op. 599, No. 12"
1,Carl Czerny,"Exercise from Op. 599, No. 13"
1,Carl Czerny,"Exercise from Op. 599, No. 14"
1,Carl Czerny,"Exercise from Op. 599, No. 15"
1,Cornelius Gurlitt,"Morning Song from Albumleaves, Op. 101 No. 2"
1,Cornelius Gurlitt,"A Little Flower from Albumleaves, Op. 101, No. 6"
1,Cornelius Gurlitt,"Northern Strains from Albumleaves, Op. 101, No. 11"
1,Cornelius Gurlitt,"A Song, Op. 117, No. 14"
1,J.S. Bach (attr.),"Polonaise in G minor, BWV Anh. 119"
1,Robert Schumann,"Soldier's March, Op. 68 No. 2"
1,Dmitri Kabalevsky,"A Game, Op. 27 No. 5"
1,Cornelius Gurlitt,"A Little Story, Op. 140 No. 2"
1,Cornelius Gurlitt,"A Morning Greeting, Op. 130, No. 2"
1,J.C. Bach (attr.),"Minuet in G major, BWV Anh. 114"
1,Christian Petzold,"Minuet in G minor, BWV Anh. 115"
1,J.S. Bach (attr.),"Minuet in C minor, BWV Anh. 121"
1,J.S. Bach (attr.),"March in G, BWV Anh. 124"
1,Aleksandr Gretchaninov,"A Little Fairy Tale, Op. 98 No. 5"
1,Aleksandr Gretchaninov,"On the Swing, from Children's Book, Op. 98, No. 7"
1,Anton Diabelli,"Sonatina in G major, Op. 151 No. 1, 1st Mvt. (Allegretto)"
1,Joseph Haydn,"German Dance in D major, Hob. IX:22 No. 2"
1,Ludwig van Beethoven,"Ländler in D Major, WoO 11 No. 4"
1,Ludwig Schytte,"Study in C, from 25 Easy Studies, Op. 108, No. 1"
1,Ludwig Schytte,"Study in G, from Op. 108, No. 2"
1,Ludwig Schytte,"Study in F, Op. 108, No. 3"
1,Ludwig Schytte,"Study for Left Hand, Op. 108, No. 5"
1,J. W. Hässler,"Piece No. 3, from Op. 38"
1,J. W. Hässler,"Piece No. 4, from Op. 38"
1,J. W. Hässler,"Piece No. 5, from Op. 38"
1,J. W. Hässler,"Piece No. 6, from Op. 38"
1,J. W. Hässler,"Minuetto, Op. 38, No. 11"
1,J. W. Hässler,"Andante, Op. 38, No. 12"
1,J. W. Hässler,"Allegretto, Op. 38, No. 13"
1,J. W. Hässler,"Capriccio, Op. 38, No. 15"
1,Pyotr Ilyich Tchaikovsky,"The New Doll from Album for the Young, Op. 39"
1,Pyotr Ilyich Tchaikovsky,"My Little Horse, Op. 39"
1,Henri Lemoine,Etude No. 3 in G from Op. 37
1,Henri Lemoine,Etude No. 5 in F from Op. 37
1,Henri Lemoine,"Etude No. 6 in D minor, from Op. 37"
1,W.A. Mozart,"Allegro in B-flat major, K. 3 (Full piece)"
1,Samuil Maykapar,"Pastorale from Petites Novellettes, Op. 8 No. 1"
1,Dmitri Kabalevsky,"A Sad Story, Op. 27 No. 6"
1,Dmitri Kabalevsky,"Waltz in D minor, Op. 27, No. 2"
1,Dmitri Kabalevsky,"A Short Story, from 24 Pieces for Children, Op. 39"
1,Dmitri Kabalevsky,"Toccatina, Op. 27, No. 3 (easier than No. 12)"
1,Cornelius Gurlitt,"Evening Calm, Op. 101 No. 8"
1,Ludwig van Beethoven,"German Dance in G Major, WoO 8, No. 6"
1,Ludwig van Beethoven,"German Dance in A Major, WoO 13, No. 2"
1,Ludwig van Beethoven,"German Dance No. 1 in F Major, WoO 42"
1,Ludwig van Beethoven,"Minuet in C, from a youthful work"
1,Traditional,Greensleeves (Simple arrangement)
1,Traditional,Scarborough Fair (Simple arrangement)
1,Franz Schubert,"First Waltz (Erster Walzer), D. 365 No. 1"
1,Franz Schubert,"Waltz in B major, D. 365 No. 2"
1,Joseph Haydn,"German Dance in G major, Hob. IX:12 No. 1"
1,Joseph Haydn,"German Dance in C major, Hob. IX:12, No. 4"
1,Ludwig van Beethoven,"Écossaise in G major, WoO 23"
1,Ludwig van Beethoven,"Écossaise in E-flat major, WoO 86"
1,Stephen Heller,"Study in C, from 25 Melodious Studies, Op. 45, No. 1"
1,Stephen Heller,"Study in G, from 30 Progressive Studies, Op. 46, No. 3"
1,Stephen Heller,"Study in C, Op. 46, No. 1"
1,Jean-Louis Streabbog,"The Children's Party, Op. 64 No. 3"
1,Jean-Louis Streabbog,"The Kind Shepherd, Op. 64 No. 4"
1,Jean-Louis Streabbog,"The Little Trumpeter, Op. 64, No. 6"
1,Samuil Maykapar,"The Butterfly from First Steps, Op. 29 No. 9"
1,Thomas Attwood,"Sonatina No. 2 in C major, 1st Mvt."
1,Thomas Attwood,"Sonatina No. 3 in F major, 1st Mvt."
1,Thomas Attwood,"Sonatina No. 4 in D major, 1st Mvt."
1,Anton Diabelli,"Sonatina in G major, Op. 151 No. 1, 2nd Mvt. (Andante)"
1,Anton Diabelli,"Sonatina in G major, Op. 151 No. 1, 3rd Mvt. (Rondo)"
1,Carl Reinecke,"Sonatina in C major, Op. 127a No. 1, 1st Mvt."
1,Carl Reinecke,"Sonatina in C major, Op. 127a No. 1, 2nd Mvt."
1,Carl Czerny,Exercise No. 21 from Op. 821
1,Carl Czerny,Exercise No. 22 from Op. 821
1,Carl Czerny,Exercise No. 31 from Op. 821
1,Carl Czerny,"Study in C, Op. 139, No. 10"
1,Cornelius Gurlitt,"The Hunt, Op. 140 No. 10"
1,Theodor Oesten,"The Little Tyrolean, from Mayflowers, Op. 61 No. 1"
1,Theodor Oesten,"In the Swing, from Op. 61 No. 4"
1,Theodor Oesten,"A Little Story, Op. 61, No. 6"
1,Aleksandr Gretchaninov,"In the Country, from Children's Book, Op. 98"
1,Aleksandr Gretchaninov,"Farewell, from Op. 98, No. 4"
1,Aleksandr Gretchaninov,"Lullaby, Op. 98, No. 9"
1,Cécile Chaminade,"Prelude from Album des enfants, Book 1, Op. 123"
1,Cécile Chaminade,"Rondeau from Album des enfants, Book 1, Op. 123"
1,J.S. Bach,"March in D Major, BWV Anh. 122"
1,J.S. Bach (attr.),"Polonaise in G minor, BWV Anh. 125"
1,Robert Schumann,"A Little Folk Song, Op. 68, No. 9"
1,Robert Schumann,"Sicilienne, Op. 68, No. 11"
1,Robert Schumann,"The First Grief (Erster Verlust), Op. 68, No. 16"
1,Cornelius Gurlitt,"Valse Noble, Op. 140 No. 17"
1,Jean-Philippe Rameau,Menuet en Rondeau
1,Pyotr Ilyich Tchaikovsky,"Winter Morning, Op. 39 No. 2"
1,Pyotr Ilyich Tchaikovsky,"The Peasant Plays the Accordion, Op. 39, No. 18"
1,Pyotr Ilyich Tchaikovsky,"Neapolitan Song, Op. 39, No. 18"
1,Pyotr Ilyich Tchaikovsky,"Nursery Tale, Op. 39, No. 19"
1,W.A. Mozart,"Minuet in D major, K. 7"
1,W.A. Mozart,"Minuet in F major, K. 6"
1,W.A. Mozart,"Contredanse in F, K. 15h"
1,W.A. Mozart,"Minuet in G, K. 15c"
1,J.S. Bach,"Musette in D major, BWV Anh. 126"
1,J.S. Bach (attr.),"Aria in D minor, BWV 515"
1,Robert Schumann,"The Poor Orphan, Op. 68 No. 6"
1,George Frideric Handel,"Passepied in C, HWV 559"
1,George Frideric Handel,"Bourrée in G minor, HWV 453"
1,Friedrich Kuhlau,Scottish Dance
1,Muzio Clementi,"Waltz in C, from Introduction to the Art of Playing the Pianoforte"
1,Muzio Clementi,Arietta in C
1,Muzio Clementi,"Andante in F, Op. 42"
1,Dmitri Kabalevsky,"Sad Mood, from 24 Pieces for Children, Op. 39, No. 6"
1,Ludwig van Beethoven,"German Dance in C Major, WoO 8 No. 1"
1,Joseph Haydn,Quadrille
1,Joseph Haydn,Country Dance in G
1,Samuil Maykapar,"Polka, from First Steps, Op. 29"
1,Samuil Maykapar,"Waltz, Op. 28, No. 2"
1,Telemann,"Fantasia in C minor, TWV 33:15"
1,Béla Bartók,"Play, from For Children, Vol. 1, No. 5"
1,Béla Bartók,"Folk Song, from For Children, Vol. 1, No. 1"
1,Béla Bartók,"Children's Song, from For Children, Vol. 1, No. 3"
1,Béla Bartók,"Allegro, from For Children, Vol. 1, No. 8"
1,Béla Bartók,"Dialogue, from Mikrokosmos, Vol. 2, No. 38"
1,Béla Bartók,"With Alternate Hands, from Mikrokosmos, Vol. 1, No. 28"
1,Béla Bartók,"Minuet, from Mikrokosmos, Vol. 2, No. 43"
1,Dmitri Shostakovich,"The Barrel-Organ, from Dances of the Dolls"
1,Aram Khachaturian,"Bedtime Story, from Pictures of Childhood"
1,J.S. Bach,"Little Prelude in C Major, BWV 939"
1,Pyotr Ilyich Tchaikovsky,"Polka, Op. 39 No. 14"
1,Ludwig van Beethoven,"Russian Folk Song, Op. 107 No. 3"
1,George Frideric Handel,"Gavotte in G, HWV 491"
1,W.A. Mozart,"Minuet in A-flat major, K. 15ff (Nannerl Music Book)"
1,W.A. Mozart,"Contredanse in G, K. 15e"
1,Ludwig van Beethoven,"Russian Folk Song, Op. 107, No. 7"
1,Robert Schumann,"A Little Study, Op. 68, No. 14"
1,Muzio Clementi,"Monferrina, Op. 49, No. 1"
1,Anton Diabelli,Bagatelle in C
1,Johann Friedrich Burgmüller,"Candor (La Candeur), Op. 100 No. 1 (Bridge to L2)"
1,Muzio Clementi,"Sonatina in C, Op. 36 No. 1, 1st Mvt. (Bridge to L2)"
1,Robert Schumann,"The Wild Horseman, Op. 68, No. 8 (Challenging bridge piece)"
1,J.S. Bach,"March in E-flat Major, BWV Anh. 127 (Challenging bridge piece)"
1,Theodore Latour,"Sonatina in C, 1st Mvt."
1,Theodore Latour,"Sonatina in C, Rondo"
1,Joseph Haydn,"German Dance in E-flat, Hob. IX:12, No. 5"
1,Joseph Haydn,"German Dance in C, Hob. IX:22, No. 1"
1,Ludwig van Beethoven,"German Dance in G, WoO 8, No. 1"
1,Ludwig van Beethoven,"Écossaise in G, WoO 81"
1,Ludwig van Beethoven,Allemande in G minor
1,Dmitri Kabalevsky,"Scherzo from 24 Pieces for Children, Op. 39"
1,Dmitri Kabalevsky,"The Little Hedgehog, Op. 27, No. 8"
1,Dmitri Kabalevsky,"A Cheerful Mood from 30 Pieces for Children, Op. 27"
1,Dmitri Kabalevsky,"The Little General, Op. 27, No. 15"
1,Thomas Attwood,"Sonatina No. 1 in C major, 1st Mvt."
1,Thomas Attwood,"Sonatina No. 1 in C major, 2nd Mvt."
1,Ludwig Schytte,"Study in G, from Op. 108, No. 4"
1,Ludwig Schytte,"Study in A minor, from Op. 108, No. 6"
1,Ludwig Schytte,"Study in D minor, from Op. 108, No. 7"
1,Jean-Baptiste Duvernoy,"Étude in C, Op. 176, No. 1"
1,Jean-Baptiste Duvernoy,"Étude in G, Op. 176, No. 2"
1,Jean-Baptiste Duvernoy,"Étude in A minor, Op. 176, No. 18"
1,Anonymous (Bach),"Minuet in D minor, BWV Anh. 132"
1,C.P.E. Bach,"March in D, H. 1.1"
1,Béla Bartók,First Dance from First Term at the Piano
1,Béla Bartók,Minuet from First Term at the Piano
1,Béla Bartók,"In Transylvanian Style from Mikrokosmos, Vol. 2, No. 55"
1,Béla Bartók,"Play Song from For Children, Vol. 1, Sz. 42"
1,Béla Bartók,"Children's Game from For Children, Vol. 1, Sz. 42"
1,Robert Schumann,"The Hunter's Song, Op. 68, No. 7"
1,Robert Schumann,"A Song of the North, Op. 68, No. 41"
1,Robert Schumann,"Of Strange Lands and People, Op. 15, No. 1 (simplified)"
1,Jean-Louis Streabbog,The Top from 12 Easy Pieces
1,Jean-Louis Streabbog,Distant Bells from 12 Easy Pieces
1,J.C.F. Fischer,Bourlesq from Partita in A minor
1,George Frideric Handel,"Gavotte from Suite No. 7 in G minor, HWV 432"
1,George Frideric Handel,"Sarabande in G minor, HWV 452"
1,Pyotr Ilyich Tchaikovsky,"Old French Song, Op. 39, No. 16"
1,Pyotr Ilyich Tchaikovsky,"German Song, Op. 39, No. 17"
1,Pyotr Ilyich Tchaikovsky,"Italian Song, Op. 39, No. 15"
1,James Hook,"Gavotte in G, from ""The Chelsea Tarts"""
1,James Hook,"Rondo in F from Guida di musica, Op. 37"
1,Vladimir Rebikov,"The Music Box, Op. 10 No. 5"
1,Vladimir Rebikov,"Shepherd Playing his Pipe, Op. 31, No. 8"
1,Carl Reinecke,"Sonatina in G major, Op. 127a, No. 2, 1st Mvt."
1,Cécile Chaminade,"Canzonetta from Album des enfants, Book 2, Op. 126"
1,Cécile Chaminade,"Idylle from Album des enfants, Book 2, Op. 126"
1,Samuil Maykapar,"At the Matinée, Op. 39, No. 1"
1,Samuil Maykapar,"A Frightful Story, Op. 28, No. 6"
1,Robert Schumann,"The Wild Rider, Op. 68 No. 8"
1,Theodor Kirchner,"In the Forest from 20 Melodious Pieces, Op. 55"
1,Xaver Scharwenka,"Little Study from Album for the Young, Op. 62"
1,Xaver Scharwenka,"Barcarolle from Album for the Young, Op. 62"
2,Johann Friedrich Burgmüller,"Pastorale, Op. 100, No. 3"
2,Stephen Heller,"Study in C, from 25 Studies, Op. 47, No. 1"
2,Johann Friedrich Burgmüller,"Innocence, Op. 100 No. 5"
2,Thomas Attwood,"Sonatina No. 1 in G major, 1st Mvt."
2,Thomas Attwood,"Sonatina No. 1 in G major, 2nd Mvt."
2,Heinrich Lichner,"Sonatina in C major, Op. 49 No. 1, 1st Mvt."
2,Heinrich Lichner,"Sonatina in C major, Op. 49 No. 1, 2nd Mvt."
2,Heinrich Lichner,"Sonatina in C major, Op. 49 No. 1, Rondo"
2,Muzio Clementi,"Sonatina in C, Op. 36 No. 1, 2nd Mvt. (Andante)"
2,Muzio Clementi,"Sonatina in C, Op. 36 No. 1, 3rd Mvt. (Vivace)"
2,Pyotr Ilyich Tchaikovsky,"The Sick Doll, Op. 39 No. 6"
2,Johann Friedrich Burgmüller,"Progress, Op. 100 No. 6"
2,Johann Friedrich Burgmüller,"The Clear Stream (Le Courant Limpide), Op. 100, No. 7"
2,Johann Friedrich Burgmüller,"Gracefulness (La Gracieuse), Op. 100, No. 8"
2,Anton Diabelli,"Rondo from Sonatina in G Major, Op. 151, No. 1"
2,Daniel Steibelt,"Rondo from Sonatina in C major, Op. 33 No. 1"
2,Daniel Steibelt,"Sonatina in C major, 1st Mvt."
2,Daniel Steibelt,"Adagio, from Sonatina in C major"
2,J.S. Bach,"Little Prelude in C major, BWV 933"
2,Robert Schumann,"The Reaper's Song, Op. 68, No. 18"
2,Robert Schumann,"A Little Hunting Song, Op. 68, No. 7"
2,Robert Schumann,"The Knight of the Hobby-Horse (Ritter vom Steckenpferd), Op. 15, No. 9"
2,Cornelius Gurlitt,"Sonatina in C major, Op. 54 No. 1, 1st Mvt."
2,Cornelius Gurlitt,"Sonatina in C major, Op. 54 No. 1, 2nd Mvt."
2,Cornelius Gurlitt,"Sonatina in C major, Op. 54 No. 1, Rondo"
2,Ludwig van Beethoven,"Sonatina in G major, Anh. 5 No. 1, 1st Mvt. (Moderato)"
2,Ludwig van Beethoven,"Sonatina in G major, Anh. 5 No. 1, 2nd Mvt. (Romanze)"
2,J.S. Bach,"Minuet in G, BWV Anh. 116"
2,J.S. Bach,"Polonaise in G minor, BWV Anh. 123"
2,George Frideric Handel,Minuet in F
2,George Frideric Handel,Gavotte in C
2,George Frideric Handel,"Impertinence, HWV 494"
2,George Frideric Handel,Passepied in A
2,George Frideric Handel,"Air in D minor, HWV 461"
2,Franz Schubert,"Waltz in B minor, D. 145 No. 6"
2,Robert Schumann,"Hunting Song, Op. 68 No. 7"
2,Pyotr Ilyich Tchaikovsky,"The Doll's Funeral, Op. 39 No. 7"
2,Theodor Kullak,"Pastorale from Scenes from Childhood, Op. 62 No. 4"
2,Theodor Kullak,"Grandmother's Story, Op. 62, No. 1"
2,Theodor Kullak,"The Little Wanderer, Op. 81, No. 2"
2,Muzio Clementi,"Sonatina in G major, Op. 36 No. 2, 1st Mvt. (Allegretto)"
2,Muzio Clementi,"Sonatina in G major, Op. 36 No. 2, 2nd Mvt."
2,Muzio Clementi,"Sonatina in G major, Op. 36 No. 2, Rondo (Allegretto)"
2,Carl Czerny,"Study in C, Op. 599, No. 18"
2,Carl Czerny,"Study in G, Op. 599, No. 25"
2,Carl Czerny,"Study in F, Op. 599, No. 36"
2,Carl Czerny,"The Chase, Op. 823, No. 65"
2,Johann Friedrich Burgmüller,"L'Harmonie des Anges, Op. 100 No. 21"
2,Muzio Clementi,"Sonatina in C, Op. 36 No. 3, 2nd Mvt. (Un poco adagio)"
2,Muzio Clementi,"Sonatina in C, Op. 36 No. 3, 3rd Mvt. (Allegro)"
2,Friedrich Kuhlau,"Sonatina in C major, Op. 20 No. 1, 1st Mvt. (Allegro)"
2,Friedrich Kuhlau,"Sonatina in C major, Op. 20 No. 1, 2nd Mvt. (Andante)"
2,Friedrich Kuhlau,"Sonatina in C major, Op. 20 No. 1, Rondo"
2,Friedrich Kuhlau,"Sonatina in C major, Op. 55 No. 3, 1st Mvt."
2,Friedrich Kuhlau,"Sonatina in C major, Op. 55 No. 3, 2nd Mvt."
2,Friedrich Kuhlau,"Sonatina in G Major, Op. 20, No. 2, 1st Mvt."
2,J.S. Bach,"Little Prelude in F major, BWV 927"
2,J.S. Bach,"Little Prelude in G minor, BWV 930"
2,J.S. Bach,"Little Prelude in A minor, BWV 942"
2,Frédéric Chopin,"Polonaise in G minor, B. 1"
2,Johann Friedrich Burgmüller,"La Styrienne, Op. 100, No. 14"
2,Johann Friedrich Burgmüller,"The Wagtail (La Bergeronnette), Op. 100, No. 11"
2,Johann Friedrich Burgmüller,"The Gentle Maiden, Op. 100 No. 20"
2,George Frideric Handel,"Minuet in G minor, HWV 434/4"
2,J.S. Bach,"Little Prelude in C minor, BWV 934"
2,Stephen Heller,"Study in D minor, from Op. 45, No. 1"
2,Stephen Heller,"Study in C minor, Op. 45, No. 4"
2,Stephen Heller,"Study in F major, Op. 45, No. 7"
2,Stephen Heller,"Study in G major from 25 Studies, Op. 46 No. 12"
2,Stephen Heller,"Study in E minor, from Op. 47, No. 13"
2,Stephen Heller,"Study in C major, from Op. 47, No. 19"
2,Stephen Heller,"Study in D minor, Op. 47, No. 20"
2,Johann Friedrich Burgmüller,"Consolation, Op. 100 No. 13"
2,Stephen Heller,"Study in A minor from 25 Studies, Op. 47 No. 3"
2,Cornelius Gurlitt,"Sonatina in G major, Op. 188 No. 1, 1st Mvt."
2,Cornelius Gurlitt,"Sonatina in G major, Op. 188 No. 1, 2nd Mvt."
2,Cornelius Gurlitt,"A Little Romance, Op. 205, No. 11"
2,Pyotr Ilyich Tchaikovsky,"Sweet Dream, Op. 39 No. 21"
2,Ludwig van Beethoven,"Sonatina in F Major, Anh. 5 No. 2, 1st Mvt. (Allegro assai)"
2,Ludwig van Beethoven,"Sonatina in F Major, Anh. 5 No. 2, 2nd Mvt. (Rondo)"
2,Domenico Scarlatti,"Keyboard Sonata in A minor, K. 149"
2,Domenico Scarlatti,"Keyboard Sonata in C major, K. 159 ('La Caccia')"
2,Dmitri Kabalevsky,"Sonatina in A minor, Op. 13 No. 1, 1st Mvt."
2,Dmitri Kabalevsky,"Sonatina in A minor, Op. 13 No. 1, 2nd Mvt."
2,Dmitri Kabalevsky,"A Little Joke, from Op. 27, No. 13"
2,Dmitri Kabalevsky,"Hopping, Op. 27, No. 18"
2,Dmitri Kabalevsky,"March, Op. 27, No. 20"
2,J.S. Bach,"March in E-flat Major, BWV Anh. 127"
2,J.S. Bach,"Polonaise in G major, BWV Anh. 130"
2,Pyotr Ilyich Tchaikovsky,"In Church, Op. 39, No. 24"
2,Pyotr Ilyich Tchaikovsky,"The Witch (Baba Yaga), Op. 39 No. 20"
2,Pyotr Ilyich Tchaikovsky,"Mazurka, Op. 39, No. 10"
2,Robert Schumann,"Mignon, Op. 68, No. 35"
2,Robert Schumann,"A Little Romance, Op. 68, No. 19"
2,Dmitri Shostakovich,"Birthday, from Dances of the Dolls"
2,Dmitri Shostakovich,"Merry Tale, from Dances of the Dolls"
2,Béla Bartók,"Children's Game, from For Children, Vol. 1, No. 2"
2,Béla Bartók,"Sorrow, from For Children, Vol. 2, No. 7"
2,Béla Bartók,"Round Dance, from For Children, Vol. 1, No. 17"
2,Béla Bartók,"Play, from Mikrokosmos, Book 2"
2,Béla Bartók,"Bulgarian Rhythm, from Mikrokosmos, Book 2, No. 50"
2,James Hook,"Sonatina in C Major, Op. 12, No. 1, 1st Mvt."
2,James Hook,"Sonatina in G Major, Op. 12, No. 3, 1st Mvt."
2,James Hook,"Sonatina in F Major, Op. 12, No. 5, 1st Mvt."
2,Anton Diabelli,"Sonatina in F Major, Op. 168 No. 1, 1st Mvt."
2,Anton Diabelli,"Sonatina in F Major, Op. 168 No. 1, Rondo"
2,Anton Diabelli,"Sonatina in G Major, Op. 168, No. 2, 1st Mvt."
2,Anton Diabelli,"Sonatina in C Major, Op. 168, No. 3, Rondo"
2,Carl Reinecke,"Sonatina in G, Op. 136 No. 2, 1st Mvt."
2,Carl Reinecke,"Sonatina in F, Op. 136 No. 3, 1st Mvt."
2,Aram Khachaturian,"A Little Song, from Pictures of Childhood"
2,Dmitri Kabalevsky,"Funny Event, Op. 27, No. 7"
2,J.S. Bach,"Gavotte in G minor, from French Suite No. 5, BWV 816 (simplified)"
2,George Frideric Handel,"Sonatina in B-flat Major, HWV 585"
2,George Frideric Handel,"Sarabande in D minor, HWV 437 (Theme)"
2,Joseph Haydn,"German Dance in G, Hob. IX:12, No. 1"
2,Joseph Haydn,"Minuet in F from Sonata, Hob. XVI:9"
2,Joseph Haydn,"Sonata in G major, Hob. XVI:G1, Minuet & Trio"
2,Ludwig van Beethoven,"Ecossaise in E-flat, WoO 86 (Often grouped with WoO 23)"
2,Ludwig van Beethoven,"Minuet in E-flat, WoO 82"
2,Cornelius Gurlitt,"Theme and Variation, Op. 101, No. 7"
2,Cornelius Gurlitt,"Little Bird, Op. 205, No. 16"
2,Cornelius Gurlitt,"Tarantella, Op. 140, No. 15"
2,Ludwig Schytte,"Fairy Tale, Op. 69, No. 10"
2,Ludwig Schytte,"Hide and Seek, Op. 69, No. 6"
2,Theodor Oesten,"Polonaise, Op. 61, No. 16"
2,Robert Schumann,"First Loss, Op. 68, No. 16"
2,Johann Friedrich Burgmüller,"Arabesque, Op. 100 No. 2 (Bridge to L3)"
2,J.S. Bach,"Little Prelude in D minor, BWV 935"
2,W.A. Mozart,Rondo from Viennese Sonatina No. 1 in C major
2,Friedrich Kuhlau,"Rondo from Sonatina in C major, Op. 55 No. 1"
2,Domenico Scarlatti,"Keyboard Sonata in G major, K. 431"
2,Pyotr Ilyich Tchaikovsky,"March of the Wooden Soldiers, Op. 39 No. 5"
2,Cornelius Gurlitt,"Gazelle,' Op. 107 No. 4"
2,Dmitri Kabalevsky,"Clowns, Op. 39 No. 20"
2,Stephen Heller,"Study in C major, Op. 46 No. 1"
2,Muzio Clementi,"Sonatina in D major, Op. 36 No. 6, 1st Mvt."
2,Muzio Clementi,"Sonatina in D major, Op. 36 No. 6, Rondo"
2,Dmitri Kabalevsky,"Toccatina, Op. 27 No. 12"
2,Johann Wilhelm Hässler,"Allegro in A minor, Op. 38, No. 29"
2,Ludwig van Beethoven,"Minuet in G Major, WoO 10 No. 2 (Bridge to L3)"
2,Edward MacDowell,"To a Wild Rose, Op. 51 No. 1 (Bridge to L3)"
2,Edvard Grieg,"Puck, Op. 71, No. 3 (Simplified)"
2,Antonín Dvořák,"Humoresque, Op. 101, No. 7 (Simplified Theme)"
2,Johannes Brahms,"Lullaby (Wiegenlied), Op. 49, No. 4 (Simplified)"
2,Jacques Offenbach,Can-Can from Orpheus in the Underworld (Simplified)
2,Johann Friedrich Burgmüller,"The Return (Le Retour), Op. 100, No. 23"
2,Johann Friedrich Burgmüller,"The Swallow (L'Hirondelle), Op. 100, No. 24"
2,Johann Friedrich Burgmüller,"The Knight of the Hobby Horse (Chevalier an bascule), Op. 100, No. 25"
2,Friedrich Kuhlau,"Sonatina in C, Op. 55, No. 1, 1st Mvt."
2,Friedrich Kuhlau,"Sonatina in C, Op. 55, No. 1, 2nd Mvt. (Vivace)"
2,Friedrich Kuhlau,"Sonatina in G, Op. 55, No. 2, 1st Mvt."
2,Friedrich Kuhlau,"Sonatina in G, Op. 55, No. 2, 2nd Mvt. (Cantabile)"
2,Jan Ladislav Dussek,"Sonatina in G, Op. 20 No. 1, 1st Mvt."
2,Jan Ladislav Dussek,"Sonatina in G, Op. 20 No. 1, Rondo"
2,Muzio Clementi,"Sonatina in C, Op. 36 No. 3, 1st Mvt. (Spiritoso)"
2,Anton Diabelli,"Rondo from Sonatina in G major, Op. 168, No. 2"
2,Anton Diabelli,"Sonatina in C, Op. 168, No. 3, 1st Mvt."
2,Anton Diabelli,"Sonatina in C, Op. 151, No. 2, 1st Mvt."
2,Joseph Haydn,"Scherzo from Sonata in F, Hob. XVI:9"
2,Joseph Haydn,"Minuet in C minor, from 11 Minuets, WoO 5"
2,Joseph Haydn,"Andante from Sonata in G, Hob. XVI:8"
2,Pyotr Ilyich Tchaikovsky,"Russian Folk Song, Op. 39, No. 12"
2,Pyotr Ilyich Tchaikovsky,"Kamarinskaya, Op. 39, No. 13"
2,Pyotr Ilyich Tchaikovsky,"The Hobby-Horse, Op. 39, No. 3"
2,Pyotr Ilyich Tchaikovsky,"A Winter Morning, Op. 39, No. 2"
2,J.S. Bach,"Little Prelude in D minor, BWV 926"
2,J.S. Bach,"Little Prelude in E minor, BWV 941"
2,Edvard Grieg,"Waltz from Lyric Pieces, Op. 12, No. 2"
2,Edvard Grieg,"Watchman's Song from Lyric Pieces, Op. 12, No. 3"
2,Edvard Grieg,"Folk Song from Lyric Pieces, Op. 12, No. 5"
2,Edvard Grieg,"Patriotic Song, Op. 12, No. 8"
2,Robert Schumann,"From Foreign Lands and People, Op. 15, No. 1"
2,Robert Schumann,"A Curious Story, Op. 15, No. 2"
2,Robert Schumann,"Catch Me If You Can, Op. 15, No. 3"
2,Robert Schumann,"Pleading Child, Op. 15, No. 4"
2,Robert Schumann,"Perfectly Contented, Op. 15, No. 5"
2,Ludwig van Beethoven,"Six Écossaises, WoO 83"
2,Ludwig van Beethoven,"Für Elise, WoO 59 (Simplified Arrangement)"
2,Franz Schubert,"German Dance in B-flat, D. 783, No. 7"
2,Franz Schubert,"Ländler in E-flat, D. 679, No. 2"
2,George Frideric Handel,"Sarabande in D minor, HWV 448"
2,George Frideric Handel,"Gigue in G minor, HWV 453"
2,Aram Khachaturian,Ivan Sings from Pictures of Childhood
2,Aram Khachaturian,Invention from Pictures of Childhood
2,Dmitri Kabalevsky,"Sonatina in C, Op. 13, No. 1, 3rd Mvt. (Presto)"
2,Dmitri Kabalevsky,"War Dance, Op. 27, No. 19"
2,Dmitri Kabalevsky,"Lyric Piece, Op. 27, No. 16"
2,Georg Philipp Telemann,Gavotte in G minor
2,Georg Philipp Telemann,"Gigue à l'Angloise, from Der getreue Music-Meister"
2,François Couperin,Le petit rien (The Little Trifle)
2,Claude Debussy,The Little Negro
2,Claude Debussy,Jimbo's Lullaby from Children's Corner
2,Gabriel Fauré,"Romance, Op. 50, No. 13"
2,Edward MacDowell,"Scotch-Irish from Fireside Tales, Op. 61"
2,Xaver Scharwenka,"Mazurka from Album for the Young, Op. 62"
level,composer,title
3,Johann Friedrich Burgmüller,"Arabesque, Op. 100, No. 2"
3,Robert Schumann,"The Merry Farmer, Op. 68 No. 10"
3,Pyotr Ilyich Tchaikovsky,"Morning Prayer, Op. 39 No. 1"
3,Friedrich Kuhlau,"Sonatina in C major, Op. 55 No. 1, 1st Mvt. (Allegro)"
3,Friedrich Kuhlau,"Sonatina in C major, Op. 55 No. 1, Rondo"
3,Edvard Grieg,"Waltz from Lyric Pieces, Op. 12 No. 2"
3,Edvard Grieg,"Elfin Dance, Op. 12, No. 4"
3,Edvard Grieg,"Folk Song, Op. 12, No. 5"
3,Edvard Grieg,"Arietta, Op. 12, No. 1"
3,Pyotr Ilyich Tchaikovsky,"Italian Song, Op. 39 No. 15"
3,Pyotr Ilyich Tchaikovsky,"Old French Song, Op. 39 No. 16"
3,Pyotr Ilyich Tchaikovsky,"Russian Song, Op. 39, No. 11"
3,Pyotr Ilyich Tchaikovsky,"Kamarinskaya, Op. 39, No. 13"
3,Pyotr Ilyich Tchaikovsky,"The Hobby Horse, Op. 39, No. 3"
3,Pyotr Ilyich Tchaikovsky,"Nanny's Tale, Op. 39, No. 19"
3,Frédéric Chopin,"Waltz in A minor, B. 150 (Posthumous)"
3,Edvard Grieg,"Watchman's Song, Op. 12 No. 3"
3,Jan Ladislav Dussek,"Sonatina in G major, Op. 20 No. 1, 1st Mvt."
3,Jan Ladislav Dussek,"Sonatina in G major, Op. 20 No. 1, 2nd Mvt. (Rondo)"
3,Jan Ladislav Dussek,"Sonatina in F major, Op. 20 No. 3, 1st Mvt."
3,Muzio Clementi,"Sonatina in C major, Op. 36 No. 3, 1st Mvt. (Spiritoso)"
3,Muzio Clementi,"Sonatina in F Major, Op. 36 No. 4, 1st Mvt."
3,Muzio Clementi,"Sonatina in F Major, Op. 36 No. 4, Rondo"
3,Muzio Clementi,"Sonatina in D Major, Op. 36 No. 6 (Full)"
3,J.S. Bach,"Invention No. 1 in C Major, BWV 772 (The foundational piece for this level)"
3,J.S. Bach,"Invention No. 4 in D minor, BWV 775"
3,Ludwig van Beethoven,"Für Elise, WoO 59"
3,Felix Mendelssohn,"Piece No. 1 in G major from 6 Christmas Pieces, Op. 72"
3,Felix Mendelssohn,"Venetian Gondola Song, Op. 30, No. 6"
3,Johann Friedrich Burgmüller,"Ballade, Op. 100 No. 15"
3,Stephen Heller,"The Avalanche, Op. 45 No. 2"
3,Stephen Heller,"Study in D major, Op. 45, No. 3"
3,Stephen Heller,"The Brook, Op. 45, No. 1"
3,Stephen Heller,"Warrior's Song, Op. 45, No. 15"
3,Stephen Heller,"The Swan's Song, Op. 45, No. 23"
3,Aram Khachaturian,"Etude, from Pictures of Childhood"
3,Georg Philipp Telemann,"Fantasia in D minor, TWV 33:2"
3,Ludwig van Beethoven,"6 Ecossaises, WoO 83"
3,J.S. Bach,"Invention No. 8 in F Major, BWV 779"
3,Pyotr Ilyich Tchaikovsky,"German Song, Op. 39 No. 17"
3,Frédéric Chopin,"Prelude in A Major, Op. 28 No. 7"
3,Frédéric Chopin,"Prelude in C minor, Op. 28 No. 20"
3,Frédéric Chopin,"Prelude in E minor, Op. 28 No. 4"
3,Frédéric Chopin,"Prelude in B minor, Op. 28 No. 6"
3,Johann Friedrich Burgmüller,"The Storm (L'Orage), Op. 100 No. 13"
3,Johann Friedrich Burgmüller,"The Return (Le Retour), Op. 100, No. 22"
3,Johann Friedrich Burgmüller,"The Swallow (L'Hirondelle), Op. 100, No. 24"
3,Johann Friedrich Burgmüller,"The Knight Errant (La Chevaleresque), Op. 100, No. 25"
3,J.S. Bach,"Little Prelude in E minor, BWV 941"
3,J.S. Bach,"Invention No. 7 in E minor, BWV 778"
3,J.S. Bach,"Invention No. 6 in E major, BWV 777"
3,J.S. Bach,"Invention No. 10 in G major, BWV 781"
3,J.S. Bach,"Invention No. 14 in B-flat major, BWV 785"
3,J.S. Bach,"Invention No. 3 in D Major, BWV 774"
3,J.S. Bach,"Invention No. 5 in E-flat Major, BWV 776"
3,J.S. Bach,"Invention No. 9 in F minor, BWV 780"
3,J.S. Bach,"Invention No. 11 in G minor, BWV 782"
3,J.S. Bach,"Invention No. 12 in A Major, BWV 783"
3,J.S. Bach,"Invention No. 15 in B minor, BWV 786"
3,Muzio Clementi,"Sonatina in G, Op. 36 No. 2, Rondo"
3,Friedrich Kuhlau,"Sonatina in G Major, Op. 55 No. 2, 1st Mvt."
3,Friedrich Kuhlau,"Sonatina in G Major, Op. 55 No. 2, Rondo"
3,Friedrich Kuhlau,"Sonatina in F Major, Op. 55, No. 4, 1st Mvt."
3,Friedrich Kuhlau,"Sonatina in A minor, Op. 88, No. 3, 1st Mvt."
3,Stephen Heller,"Tarantella, Op. 45 No. 20"
3,Theodor Kullak,"The Clock, Op. 62 No. 2"
3,Anatoly Lyadov,"Musical Snuffbox, Op. 32"
3,Domenico Scarlatti,"Sonata in G major, L. 79 / K. 14"
3,Domenico Scarlatti,"Sonata in A major, K. 322"
3,Domenico Scarlatti,"Sonata in F minor, L. 118 / K. 466"
3,Domenico Scarlatti,"Sonata in C major, L. 217 / K. 132"
3,Domenico Scarlatti,"Sonata in D minor, L. 423 / K. 32"
3,Frédéric Chopin,"Cantabile in B-flat Major, B. 84"
3,Frédéric Chopin,"Waltz in B minor, Op. 69 No. 2 (Posthumous)"
3,Felix Mendelssohn,"Venetian Gondola Song, Op. 19b No. 6"
3,Béla Bartók,Romanian Folk Dance No. 1 'Stick Dance'
3,Béla Bartók,Romanian Folk Dance No. 2 'Waistband Dance'
3,Béla Bartók,Romanian Folk Dance No. 5 'Romanian Polka'
3,Béla Bartók,"Evening in the Country, from 10 Easy Pieces"
3,Béla Bartók,"Jeering Song, from For Children, Vol. 1, No. 34"
3,Béla Bartók,"The Highway Robber, from For Children, Vol. 2, No. 15"
3,J.S. Bach,"Invention No. 2 in C minor, BWV 773"
3,W.A. Mozart,"Fantasia in D minor, K. 397"
3,J.S. Bach,"Prelude in C minor, BWV 999"
3,Johannes Brahms,"Waltz in B major, Op. 39 No. 1"
3,Johannes Brahms,"Waltz in E major, Op. 39, No. 2"
3,Johannes Brahms,"Waltz in D minor, Op. 39, No. 9"
3,Robert Schumann,"Träumerei from Kinderszenen, Op. 15 No. 7"
3,Robert Schumann,"Of Foreign Lands and Peoples, Op. 15, No. 1"
3,Robert Schumann,"An Important Event, Op. 15, No. 6"
3,Robert Schumann,"The Poet Speaks, Op. 15, No. 13"
3,Ludwig van Beethoven,"Piano Sonata, Op. 49 No. 2, 1st Mvt."
3,Ludwig van Beethoven,"Piano Sonata, Op. 49 No. 2, 2nd Mvt."
3,Ludwig van Beethoven,"Piano Sonata, Op. 49 No. 1, 1st Mvt."
3,Ludwig van Beethoven,"Piano Sonata, Op. 49 No. 1, 2nd Mvt."
3,J.S. Bach,"Invention No. 13 in A minor, BWV 784"
3,Frédéric Chopin,"Mazurka in G minor, Op. 67 No. 2"
3,Frédéric Chopin,"Mazurka in C major, Op. 67 No. 3"
3,Frédéric Chopin,"Mazurka in F major, Op. 68 No. 3"
3,Frédéric Chopin,"Mazurka in A minor, Op. 7 No. 2"
3,Frédéric Chopin,"Mazurka in C Major, Op. 33 No. 3"
3,Frédéric Chopin,"Mazurka in G-sharp minor, Op. 33 No. 1"
3,Joseph Haydn,"Piano Sonata in G major, Hob. XVI:8 (Full)"
3,Joseph Haydn,"Piano Sonata in C major, Hob. XVI:7 (Full)"
3,Joseph Haydn,"Piano Sonata in D major, Hob. XVI:4 (Full)"
3,Joseph Haydn,"Piano Sonata in C major, Hob. XVI:10, 1st Mvt."
3,Joseph Haydn,"Piano Sonata in G major, Hob. XVI:11, 1st Mvt."
3,Ludwig van Beethoven,"Bagatelle in D major, Op. 33, No. 6"
3,Ludwig van Beethoven,"Bagatelle in G minor, Op. 119, No. 1"
3,Ludwig van Beethoven,"Bagatelle in C minor, Op. 119, No. 5"
3,Franz Schubert,"Scherzo in B-flat Major, D. 593, No. 1"
3,W.A. Mozart,"12 Variations on 'Ah vous dirai-je, Maman', K. 265 (Theme & easy variations)"
3,W.A. Mozart,"Viennese Sonatina No. 6 in C major, 1st Mvt."
3,W.A. Mozart,Viennese Sonatina No. 1 in C major (Full)
3,W.A. Mozart,"Minuet in D major, K. 355"
3,J.S. Bach,"Wachet auf, ruft uns die Stimme', BWV 645 (arr. piano)"
3,J.S. Bach,"Minuet I & II from Partita No. 1 in B-flat Major, BWV 825"
3,J.S. Bach,"Gigue from Partita No. 1 in B-flat Major, BWV 825"
3,J.S. Bach,"Sarabande from French Suite No. 3 in B minor, BWV 814"
3,Frédéric Chopin,"Waltz in A-flat major, Op. 69 No. 1 'L'adieu'"
3,John Field,Nocturne No. 1 in E-flat major
3,John Field,Nocturne No. 2 in C minor
3,John Field,Nocturne No. 4 in A major
3,Dmitri Kabalevsky,"Cavalryman, Op. 27, No. 29"
3,Dmitri Kabalevsky,"Lyric Piece, Op. 27, No. 16"
3,Dmitri Kabalevsky,"Sonatina in C major, Op. 13, No. 2"
3,Dmitri Kabalevsky,"Variations on a Slovakian Folk Song, Op. 51, No. 3"
3,Robert Schumann,"Knecht Ruprecht (Knight Rupert), Op. 68, No. 12"
3,Robert Schumann,"Little Romance, Op. 68, No. 19"
3,Robert Schumann,"The Rider's Story, Op. 68, No. 23"
3,Robert Schumann,"Sheherazade, Op. 68, No. 32"
3,Robert Schumann,"Theme by Beethoven, Op. 68, No. 40"
3,Edvard Grieg,"National Song, Op. 12, No. 8"
3,J.S. Bach,"Minuet I & II from French Suite No. 2 in C minor, BWV 813"
3,J.S. Bach,"Sarabande from French Suite No. 1 in D minor, BWV 812"
3,Edward MacDowell,"To a Wild Rose, Op. 51 No. 1"
3,Edward MacDowell,"To a Water Lily, Op. 51, No. 6"
3,W.A. Mozart,"Piano Sonata No. 16 'Sonata Facile', K. 545, 1st Mvt. (Bridge to L4)"
3,W.A. Mozart,"Piano Sonata No. 16 'Sonata Facile', K. 545, Rondo (Bridge to L4)"
3,Erik Satie,Gymnopédie No. 1 (Bridge to L4)
3,Johannes Brahms,"Waltz in A-flat major, Op. 39 No. 15 (Bridge to L4)"
3,Claude Debussy,The Little Negro
3,Claude Debussy,"Le Petit Berger, from Children's Corner"
3,Claude Debussy,"Jimbo's Lullaby, from Children's Corner"
3,Edvard Grieg,"Grandmother's Minuet, Op. 68, No. 2"
3,Ludwig van Beethoven,"Six Variations on a Swiss Song, WoO 64"
3,Ludwig van Beethoven,"Six Variations on 'Nel cor più non mi sento,' WoO 70"
3,Robert Schumann,"About Strange Lands and People, from Kinderszenen, Op. 15, No. 1"
3,Frédéric Chopin,"Prelude in D-flat Major, 'Raindrop', Op. 28, No. 15"
3,J.S. Bach,"Sarabande from French Suite No. 2 in C minor, BWV 813"
3,J.S. Bach,"Anglaise from French Suite No. 3 in B minor, BWV 814"
3,J.S. Bach,"Gavotte from French Suite No. 5 in G major, BWV 816"
3,J.S. Bach,"Air from French Suite No. 4 in E-flat major, BWV 815"
3,George Frideric Handel,"Sarabande from Suite in D minor, HWV 437"
3,Domenico Scarlatti,"Sonata in G Major, K.63 / L.84"
3,Domenico Scarlatti,"Sonata in D minor, K.40 / L.357"
3,Jan Ladislav Dussek,"Sonatina in G major, Op. 20 No. 2, 1st Mvt."
3,Jan Ladislav Dussek,"Sonatina in E-flat major, Op. 20 No. 6, 1st Mvt."
3,Muzio Clementi,Sonatina Op. 36 No. 5 (Full)
3,Friedrich Kuhlau,"Sonatina in C major, Op. 55, No. 3 (Full)"
3,Friedrich Kuhlau,"Sonatina in A minor, Op. 88, No. 3, Rondo"
3,Ludwig van Beethoven,"Bagatelle in G major, Op. 119 No. 6"
3,Ludwig van Beethoven,"Bagatelle in C major, Op. 33 No. 2"
3,Franz Schubert,"Ländler, D. 734 (Set of 16, selections)"
3,Franz Schubert,"Waltz, D. 146, No. 3"
3,Felix Mendelssohn,"Song Without Words, Op. 19b No. 4"
3,Felix Mendelssohn,"Song Without Words, Op. 30 No. 3 'Consolation'"
3,Felix Mendelssohn,"Song Without Words, Op. 102 No. 2"
3,Edvard Grieg,"Lyric Pieces, Op. 38, No. 2 'Folk Song'"
3,Edvard Grieg,"Lyric Pieces, Op. 38, No. 7 'Waltz'"
3,Pyotr Ilyich Tchaikovsky,"Sweet Dream (Douce Rêverie), Op. 39 No. 21"
3,Pyotr Ilyich Tchaikovsky,"Song of the Lark, Op. 39, No. 22"
3,Johann Friedrich Burgmüller,"Avalanche, Op. 109, No. 2"
3,Stephen Heller,"Study in A minor, Op. 47 No. 4"
3,Stephen Heller,"Study in D major, Op. 47 No. 6"
3,Stephen Heller,"Study in A minor, Op. 46 No. 2"
3,Stephen Heller,"Study in D minor, Op. 46 No. 8"
3,Dmitri Kabalevsky,"Rondo-Toccata, Op. 60, No. 4"
3,Dmitri Kabalevsky,"Toccatina, Op. 27, No. 12"
3,Dmitri Kabalevsky,"Sonatina, Op. 27, No. 18"
3,Dmitri Kabalevsky,"Rondo-March, Op. 60, No. 1"
3,Béla Bartók,Bear Dance from 10 Easy Pieces
3,Béla Bartók,"Play from For Children, Vol. 2, No. 17"
3,Béla Bartók,"Scherzando from For Children, Vol. 2, No. 35"
3,Gabriel Fauré,"Romance sans paroles, Op. 17, No. 3"
3,Edward MacDowell,"From an Indian Lodge, Op. 51 No. 5"
3,Edward MacDowell,"The Eagle, Op. 32, No. 1"
3,Frédéric Chopin,"Waltz in C-sharp minor, B. 65"
3,Frédéric Chopin,"Polonaise in B-flat major, B. 3"
3,Sergei Prokofiev,"March, Op. 65, No. 2"
3,Sergei Prokofiev,"Tarantella, Op. 65, No. 4"
3,Sergei Prokofiev,"Valse, Op. 65, No. 6"
3,Cécile Chaminade,"Serenade, Op. 123, No. 4"
3,Modest Mussorgsky,Gopak
3,Gabriel Grovlez,"A Tear, from L'almanach aux images"
3,Alexander Glazunov,"Siciliana, from Album for the Young"
3,Aleksandr Gretchaninov,Mazurka in G major
3,Dmitri Kabalevsky,"The Little Horseman, Op. 89, No. 5"
3,W.A. Mozart,"German Dance in F major, K. 15s"
4,Erik Satie,Gnossienne No. 1
4,Franz Schubert,"Waltz in A-flat major, D. 779, No. 13"
4,Edvard Grieg,"Patriot's Song, Op. 12, No. 8"
4,Johannes Brahms,"Waltz in B major, Op. 39 No. 1"
4,Johannes Brahms,"Waltz in E major, Op. 39, No. 5"
4,John Field,Nocturne No. 5 in B-flat major
4,Frédéric Chopin,"Prelude in B minor, Op. 28 No. 6"
4,Frédéric Chopin,"Prelude in A Major, Op. 28, No. 7"
4,W.A. Mozart,"Adagio in C for Glass Harmonica, K. 356"
4,Robert Schumann,"A Little Romance, Op. 68, No. 19"
4,Robert Schumann,"Knecht Ruprecht (Knight Rupert), Op. 68, No. 12"
4,Robert Schumann,"About Strange Lands and People, from Kinderszenen, Op. 15, No. 1"
4,J.S. Bach,"Sarabande from French Suite No. 1 in D minor, BWV 812"
4,J.S. Bach,"Minuets I & II from French Suite No. 2 in C minor, BWV 813"
4,J.S. Bach,"Sinfonia No. 3 in D Major, BWV 789"
4,J.S. Bach,"Sinfonia No. 4 in D minor, BWV 790"
4,J.S. Bach,"Sinfonia No. 7 in E minor, BWV 793"
4,Domenico Scarlatti,"Keyboard Sonata in E major, K. 380 ('Cortège')"
4,W.A. Mozart,"Rondo in D major, K. 485"
4,Maurice Ravel,"Prélude in A minor (Early work, very accessible)"
4,Frédéric Chopin,"Nocturne in C-sharp minor, B. 49 (Posthumous)"
4,Frédéric Chopin,"Waltz in E-flat Major (Sostenuto), B. 133"
4,Frédéric Chopin,"Mazurka in C major, Op. 7, No. 5"
4,Claude Debussy,"The Girl with the Flaxen Hair (from Préludes, Book 1)"
4,Claude Debussy,"Le Petit Berger (The Little Shepherd), from Children's Corner"
4,Edvard Grieg,"To Spring from Lyric Pieces, Op. 43 No. 6"
4,Edvard Grieg,"Solitary Traveler, Op. 43, No. 2"
4,Edvard Grieg,"Little Bird, Op. 43, No. 4"
4,Frédéric Chopin,"Mazurka in A minor, Op. 17 No. 4"
4,Felix Mendelssohn,"Duetto from Songs Without Words, Op. 38 No. 6"
4,Domenico Scarlatti,"Keyboard Sonata in D major, K. 96 ('La Caccia')"
4,Domenico Scarlatti,"Keyboard Sonata in G Major, K. 283"
4,J.S. Bach,"Sinfonia No. 5 in E-flat major (Three-Part Invention), BWV 791"
4,Isaac Albéniz,Granada (Serenata) from Suite Española No. 1
4,Isaac Albéniz,"Tango, Op. 165, No. 2"
4,Frédéric Chopin,"Nocturne in G minor, Op. 15 No. 3"
4,Ludwig van Beethoven,"Piano Sonata, Op. 49, No. 1 (Full)"
4,Ludwig van Beethoven,"Piano Sonata, Op. 49, No. 2 (Full)"
4,Ludwig van Beethoven,"Bagatelle in A Major, Op. 33, No. 4"
4,Ludwig van Beethoven,"Bagatelle in D Major, Op. 119, No. 3"
4,Franz Schubert,"Sentimental Waltz, D. 779, No. 1"
4,Franz Schubert,"German Dance, D. 783, No. 1"
4,Robert Schumann,"Hasche-Mann (Catch Me), Op. 15, No. 3"
4,Robert Schumann,"Bittendes Kind (Pleading Child), Op. 15, No. 4"
4,Robert Schumann,"Wichtige Begebenheit (An Important Event), Op. 15, No. 6"
4,Robert Schumann,"Am Kamin (By the Fireside), Op. 15, No. 8"
4,Pyotr Ilyich Tchaikovsky,"Sweet Dream, Op. 39, No. 21"
4,Pyotr Ilyich Tchaikovsky,"Song of the Lark, Op. 39, No. 22"
4,J.S. Bach,"Air from French Suite No. 2 in C minor, BWV 813"
4,J.S. Bach,"Gavotte from French Suite No. 5 in G major, BWV 816"
4,J.S. Bach,"Gigue from French Suite No. 2 in C minor, BWV 813"
4,Muzio Clementi,"Sonatina in G major, Op. 37, No. 2, 1st Mvt."
4,Jan Ladislav Dussek,"Sonatina in E-flat major, Op. 19, No. 6, 1st Mvt."
4,Edvard Grieg,"Sailor's Song, Op. 68, No. 1"
4,George Frideric Handel,"Sonatina in G, HWV 582"
4,Joseph Haydn,"Sonata in G major, Hob. XVI:27, Finale"
4,Friedrich Kuhlau,"Sonatina in A minor, Op. 88, No. 2, 1st Mvt."
4,Edward MacDowell,"From an Indian Lodge, Op. 51, No. 5"
4,Felix Mendelssohn,"Tarantella, Op. 102, No. 3"
4,Johann Pachelbel,Canon in D (Simplified piano arrangement)
4,Erik Satie,Gnossienne No. 2
4,Erik Satie,Gnossienne No. 3
4,Domenico Scarlatti,"Sonata in A minor, K. 175"
4,Franz Schubert,"Scherzo in B-flat, D. 593, No. 2"
4,Robert Schumann,"Nordic Song, Op. 68, No. 41"
4,J.S. Bach,"Sinfonia No. 8 in F major, BWV 794"
4,J.S. Bach,"Sinfonia No. 11 in G minor, BWV 797"
4,J.S. Bach,"Sinfonia No. 13 in A minor, BWV 799"
4,Frédéric Chopin,"Minute' Waltz in D-flat Major, Op. 64 No. 1"
4,J.S. Bach,"Gigue from French Suite No. 5 in G major, BWV 816"
4,Cécile Chaminade,"Scarf Dance, Op. 37"
4,Clara Schumann,"Romance, Op. 11 No. 1"
4,Felix Mendelssohn,"Song Without Words, Op. 19b No. 1 'Sweet Remembrance'"
4,Edvard Grieg,"Butterfly, Op. 43 No. 1"
4,Isaac Albéniz,Asturias (Leyenda) from Suite Española No. 1
4,Ludwig van Beethoven,"Piano Sonata No. 8 'Pathétique', Op. 13, 2nd Mvt."
4,Frédéric Chopin,"Nocturne in E-flat major, Op. 9 No. 2"
4,Franz Liszt,Consolation No. 3 in D-flat major
4,W.A. Mozart,"Rondo alla Turca from Piano Sonata No. 11, K. 331"
4,Robert Schumann,"Arabeske in C major, Op. 18"
4,J.S. Bach,"Sinfonia No. 1 in C major, BWV 787"
4,J.S. Bach,"Sinfonia No. 15 in B minor, BWV 801"
4,Edvard Grieg,"Notturno, Op. 54 No. 4"
4,Claude Debussy,Doctor Gradus ad Parnassum from Children's Corner
4,Claude Debussy,Serenade for the Doll from Children's Corner
4,Claude Debussy,The Snow is Dancing from Children's Corner
4,Joseph Haydn,"Piano Sonata in D major, Hob. XVI:37, 1st Mvt."
4,Joseph Haydn,"Piano Sonata in C major, Hob. XVI:35, 1st Mvt."
4,Joseph Haydn,"Piano Sonata in E minor, Hob. XVI:34, 1st Mvt."
4,Frédéric Chopin,"Polonaise in A major 'Military', Op. 40 No. 1"
4,Frédéric Chopin,"Polonaise in G minor, Op. Posth., B.1"
4,Frédéric Chopin,"Waltz in C-sharp minor, Op. 64, No. 2"
4,Pyotr Ilyich Tchaikovsky,"June: Barcarolle from The Seasons, Op. 37a"
4,Pyotr Ilyich Tchaikovsky,"October: Autumn Song from The Seasons, Op. 37a"
4,Johannes Brahms,"Intermezzo in A major, Op. 118 No. 2"
4,Johannes Brahms,"Waltz in A-flat major, Op. 39, No. 15"
4,Franz Schubert,"Impromptu in G-flat major, D. 899 No. 3"
4,Franz Schubert,"Moment Musical in C major, Op. 94, No. 1"
4,Franz Schubert,"Moment Musical in A-flat major, Op. 94, No. 6"
4,Edvard Grieg,"Wedding Day at Troldhaugen, Op. 65 No. 6"
4,Felix Mendelssohn,"Rondo Capriccioso, Op. 14"
4,Felix Mendelssohn,"Song Without Words, Op. 62, No. 6 'Spring Song'"
4,Felix Mendelssohn,"Song Without Words, Op. 67, No. 4 'Spinning Song'"
4,Franz Schubert,"Impromptu in A-flat major, D. 899 No. 4"
4,J.S. Bach,"Prelude and Fugue in C minor, BWV 847 from WTC Bk 1"
4,J.S. Bach,"Prelude and Fugue in D major, BWV 850 from WTC Bk 1"
4,J.S. Bach,"Prelude and Fugue in G major, BWV 860 from WTC Bk 1"
4,J.S. Bach,"Prelude and Fugue in B-flat major, BWV 866 from WTC Bk 1"
4,Ludwig van Beethoven,"Piano Sonata No. 1 'Pathétique', Op. 13, 1st Mvt."
4,Franz Liszt,Un Sospiro (Concert Étude No. 3)
4,Ludwig van Beethoven,"Bagatelle in G minor, Op. 119, No. 1"
4,Joseph Haydn,"Piano Sonata in C major, Hob. XVI:7"
4,Ludwig van Beethoven,"Bagatelle in F major, Op. 33 No. 3"
4,Franz Schubert,"Waltz in A minor, Op. posth. 127 No. 15, D. 146"
4,Franz Schubert,"Waltz in G major, Op. 9 No. 16, D. 365 No. 16"
4,Franz Schubert,"German Dance in D major, D. 783 No. 2"
4,W.A. Mozart,"Piano Sonata No. 16 'Sonata Facile', K. 545 (Full Sonata)"
4,Claude Debussy,Golliwogg's Cakewalk from Children's Corner
4,John Field,Nocturne No. 1 in E-flat Major
4,Edvard Grieg,"Album Leaf, Op. 28, No. 1"
4,Stephen Heller,"Study in E-flat, Op. 45, No. 13"
4,Stephen Heller,"L'Avalanche, Op. 45, No. 2"
4,Dmitri Kabalevsky,"Four Rondos, Op. 60 (No. 1 'March')"
4,Johann Kirnberger,Bourrée
4,Friedrich Kuhlau,"Sonatina in C, Op. 20, No. 3, 1st Mvt."
4,Franz Liszt,"La cloche sonne, S. 238"
4,Edward MacDowell,"Will o' the Wisp, Op. 51, No. 2"
4,Felix Mendelssohn,"Song Without Words, Op. 30, No. 3 'Consolation'"
4,W.A. Mozart,"Rondo in F Major, K. 15hh"
4,Giovanni Battista Pescetti,"Sonata No. 8 in C minor, 3rd Mvt."
4,Vladimir Rebikov,The Music Box
4,Carl Reinecke,"Sonatina, Op. 47, No. 2, 1st Mvt."
4,Erik Satie,Gymnopédie No. 2
4,Erik Satie,Gymnopédie No. 3
4,Franz Schubert,"12 German Dances (Ländler), Op. 171, D. 790 (Selections)"
4,Robert Schumann,"Träumerei, Op. 15, No. 7"
4,Ludwig Schytte,"Etude in A minor, Op. 35, No. 7"
4,Alexander Scriabin,"Prelude, Op. 11, No. 4"
4,Georg Philipp Telemann,"Fantasia in G minor, TWV 33:8"
4,Pyotr Ilyich Tchaikovsky,"Chanson Triste, Op. 40, No. 2"
4,Scott Joplin,The Entertainer (Simplified arrangement)
4,Scott Joplin,Maple Leaf Rag (Simplified arrangement)
4,Heitor Villa-Lobos,The Little White Donkey (O Branquinho da Feira)
4,W.A. Mozart,"Fantasia in C, K. 395"
4,Frédéric Chopin,"Polonaise in B-flat Major, Op. Posth., B. 3"
4,Ludwig van Beethoven,"Für Elise, WoO 59 (Capstone)"
4,Claude Debussy,Arabesque No. 1 in E major (Capstone)
4,Sergei Rachmaninoff,"Prelude in C-sharp minor, Op. 3 No. 2 (Capstone)"
4,Frédéric Chopin,"Fantaisie-Impromptu, Op. 66 (Ambitious Capstone)"
4,Claude Debussy,Clair de Lune from Suite Bergamasque (Ultimate Capstone for L4)
4,J.S. Bach,"Sinfonia No. 2 in C minor, BWV 788"
4,J.S. Bach,"Sinfonia No. 6 in E major, BWV 792"
4,J.S. Bach,"Sinfonia No. 9 in F minor, BWV 795"
4,J.S. Bach,"Sinfonia No. 12 in A major, BWV 798"
4,J.S. Bach,"Prelude and Fugue in C-sharp major, BWV 848 (from WTC Bk 1)"
4,J.S. Bach,"Prelude and Fugue in E-flat major, BWV 852 (from WTC Bk 1)"
4,J.S. Bach,"Allemande from French Suite No. 5 in G major, BWV 816"
4,J.S. Bach,"Courante from French Suite No. 6 in E major, BWV 817"
4,George Frideric Handel,"Fantasia in C major, HWV 490"
4,George Frideric Handel,"Chaconne in G major, HWV 435 (Theme and Variations)"
4,Domenico Scarlatti,"Sonata in G major, K. 454"
4,W.A. Mozart,"Sonata in C major, K. 309, 1st Mvt."
4,Joseph Haydn,"Piano Sonata in G major, Hob. XVI:27 (Full)"
4,Joseph Haydn,"Piano Sonata in D major, Hob. XVI:24 (Full)"
4,Ludwig van Beethoven,"Rondo from Piano Sonata No. 8 'Pathétique', Op. 13"
4,Ludwig van Beethoven,"Bagatelle, Op. 126, No. 5"
4,Franz Schubert,"Waltz in G-sharp minor, D. 146, No. 18"
4,Franz Schubert,"Impromptu in A-flat major, Op. 142, No. 2"
4,Frédéric Chopin,"Polonaise in C-sharp minor, Op. 26, No. 1"
4,Frédéric Chopin,"Waltz in D-flat major, 'Valse du petit chien' (Posthumous)"
4,Frédéric Chopin,"Mazurka in B-flat major, Op. 7 No. 1"
4,Frédéric Chopin,"Mazurka in G minor, Op. 24 No. 1"
4,Frédéric Chopin,"Mazurka in C major, Op. 24 No. 2"
4,Johannes Brahms,"Intermezzo in E minor, Op. 119 No. 2"
4,Johannes Brahms,"Waltz in E major, Op. 39 No. 2"
4,Robert Schumann,"Folk Tale, Op. 68, No. 29"
4,Robert Schumann,"Figured Chorale, Op. 68, No. 42"
4,Felix Mendelssohn,"Song Without Words, Op. 85, No. 1"
4,Felix Mendelssohn,"Song Without Words, Op. 38, No. 2"
4,Edvard Grieg,"Melody, Op. 47, No. 3"
4,Edvard Grieg,"Halling, Op. 47, No. 4"
4,Edvard Grieg,"Berceuse, Op. 38, No. 1"
4,Claude Debussy,"Danseuses de Delphes (from Préludes, Book 1)"
4,Claude Debussy,"Les sons et les parfums tournent dans l'air du soir (from Préludes, Book 1)"
4,Erik Satie,Gnossienne No. 4
4,Isaac Albéniz,Cádiz (Saeta) from Suite Española No. 1
4,Enrique Granados,Danza Española No. 2 'Oriental'
4,Gabriel Fauré,"Barcarolle, Op. 26"
4,Alexander Scriabin,"Prelude, Op. 11, No. 9 in E major"
4,Alexander Scriabin,"Prelude, Op. 11, No. 13 in G-flat major"
4,Alexander Scriabin,"Prelude, Op. 16, No. 4 in E-flat minor"
4,Sergei Rachmaninoff,"Polichinelle, Op. 3 No. 4"
4,Béla Bartók,"At the Villa, from The Youth's Magic Horn"
4,Béla Bartók,"Rumanian Dance, Op. 8a, No. 1"
4,Ludwig van Beethoven,"Seven Variations on 'God Save the King', WoO 78"
4,Franz Liszt,Consolation No. 1
4,Franz Schubert,"Ständchen (Serenade), D. 957 (arr. Liszt, simplified)"
4,Xaver Scharwenka,"Barcarolle, Op. 18, No. 1"
4,Alexander Glazunov,"Rêverie, Op. 24, No. 5"
4,Carl Czerny,Toccata on a Theme of Scarlatti
5,Felix Mendelssohn,"Song Without Words, Op. 30 No. 3 'Consolation'"
5,Frédéric Chopin,"Prelude in A Major, Op. 28 No. 7"
5,J.S. Bach,"Prelude and Fugue in C Major, BWV 846 (from WTC Book 1)"
5,Frédéric Chopin,"Mazurka in B-flat Major, Op. 7 No. 1"
5,Franz Schubert,"Waltz in B minor, Op. 18 No. 6, D. 145"
5,Robert Schumann,"About Strange Lands and People,' from Kinderszenen, Op. 15"
5,Frédéric Chopin,"Prelude in C minor, Op. 28 No. 20"
5,Johannes Brahms,"Waltz in A-flat Major, Op. 39 No. 15"
5,Johannes Brahms,"Waltz in B minor, Op. 39, No. 11"
5,Edvard Grieg,"Arietta, Op. 12 No. 1"
5,Franz Schubert,"Moment Musical in F minor, Op. 94 No. 3, D. 780"
5,Franz Schubert,"Moment Musical in C-sharp minor, Op. 94, No. 4, D. 780"
5,Domenico Scarlatti,"Sonata in D minor, K. 9"
5,W.A. Mozart,"Piano Sonata No. 16 'Sonata Facile', K. 545, 2nd & 3rd Mvts."
5,Ludwig van Beethoven,"Bagatelle in G minor, Op. 119 No. 1"
5,Ludwig van Beethoven,"Minuet in C major, from Op. 87"
5,J.S. Bach,"Sinfonia No. 8 in F major, BWV 794"
5,J.S. Bach,"Sinfonia No. 6 in E Major, BWV 792"
5,John Field,Nocturne No. 5 in B-flat Major
5,Ludwig van Beethoven,"Piano Sonata No. 20 in G Major, Op. 49 No. 2 (full)"
5,Ludwig van Beethoven,"Piano Sonata No. 19 in G minor, Op. 49 No. 1 (full)"
5,Claude Debussy,The Little Shepherd' from Children's Corner
5,Claude Debussy,Prélude from Suite Bergamasque
5,Frédéric Chopin,"Nocturne in G minor, Op. 15 No. 3"
5,Frédéric Chopin,"Minute' Waltz in D-flat Major, Op. 64 No. 1"
5,Edvard Grieg,"To Spring' from Lyric Pieces, Op. 43 No. 6"
5,Edvard Grieg,"Erotik, Op. 43, No. 5"
5,Edvard Grieg,"Valse-Impromptu, Op. 47, No. 1"
5,Domenico Scarlatti,"Sonata in E Major, K. 380 'Cortège'"
5,J.S. Bach,"Gigue from French Suite No. 5 in G major, BWV 816"
5,Isaac Albéniz,Granada' (Serenata) from Suite Española No. 1
5,Felix Mendelssohn,"Duetto' from Songs Without Words, Op. 38 No. 6"
5,Felix Mendelssohn,"Song Without Words, Op. 19b, No. 4"
5,Felix Mendelssohn,"Song Without Words, Op. 53, No. 3"
5,J.S. Bach,"Sinfonia No. 13 in A minor, BWV 799"
5,W.A. Mozart,"Piano Sonata in C Major, K. 330, 1st Mvt."
5,W.A. Mozart,"Piano Sonata in C Major, K. 330 (Full)"
5,Frédéric Chopin,"Mazurka in A minor, Op. 17 No. 4"
5,Frédéric Chopin,"Mazurka in G minor, Op. 24, No. 1"
5,Claude Debussy,"The Girl with the Flaxen Hair' from Préludes, Book 1"
5,J.S. Bach,"Prelude and Fugue in D minor, BWV 851 (from WTC Book 1)"
5,J.S. Bach,"Prelude and Fugue in G minor, BWV 861 (from WTC Book 1)"
5,Franz Schubert,"Impromptu in A-flat Major, Op. 142 No. 2, D. 935"
5,Franz Schubert,"Impromptu in E-flat Major, Op. 90, No. 2, D. 899"
5,Ludwig van Beethoven,"Six Variations on 'Nel cor più non mi sento', WoO 70"
5,Clara Schumann,"Romance, Op. 11 No. 1"
5,Frédéric Chopin,"Waltz in C-sharp minor, Op. 64 No. 2"
5,Frédéric Chopin,"Waltz in A-flat major, Op. Posth., B. 21"
5,Frédéric Chopin,"Nocturne in B-flat minor, Op. 9, No. 1"
5,Frédéric Chopin,"Nocturne in F minor, Op. 55, No. 1"
5,Claude Debussy,Arabesque No. 1 in E major
5,Claude Debussy,Arabesque No. 2 in G major
5,Edvard Grieg,"Butterfly' from Lyric Pieces, Op. 43 No. 1"
5,Domenico Scarlatti,"Sonata in D Major, K. 96 'La Caccia'"
5,Domenico Scarlatti,"Sonata in B minor, K. 27"
5,W.A. Mozart,"Piano Sonata in A Major, K. 331, 1st Mvt. (Theme and Variations)"
5,Franz Liszt,Consolation No. 1 & No. 2
5,Sergei Rachmaninoff,"Mélodie in E, Op. 3, No. 3"
5,Sergei Rachmaninoff,"Prelude in G Major, Op. 32, No. 5"
5,Sergei Rachmaninoff,"Romance, Op. 10, No. 6"
5,J.S. Bach,"Sinfonia No. 15 in B minor, BWV 801 (One of the most profound)"
5,Robert Schumann,"Arabeske' in C Major, Op. 18"
5,Johannes Brahms,"Intermezzo in A Major, Op. 118 No. 2"
5,Johannes Brahms,"Intermezzo in A minor, Op. 116, No. 2"
5,Johannes Brahms,"Intermezzo in E major, Op. 116, No. 6"
5,Felix Mendelssohn,"Rondo Capriccioso, Op. 14"
5,Frédéric Chopin,"Polonaise in A Major 'Military', Op. 40 No. 1"
5,Edvard Grieg,"Wedding Day at Troldhaugen, Op. 65 No. 6"
5,Franz Schubert,"Impromptu in G-flat Major, Op. 90 No. 3, D. 899"
5,Ludwig van Beethoven,"Piano Sonata No. 8 'Pathétique', Op. 13, 2nd Mvt."
5,W.A. Mozart,"Rondo in A minor, K. 511"
5,Frédéric Chopin,"Fantaisie-Impromptu, Op. 66 (Capstone)"
5,Joseph Haydn,"Sonata in D Major, Hob. XVI:37 (Full)"
5,Joseph Haydn,"Sonata in F Major, Hob. XVI:23, 1st Mvt."
5,Joseph Haydn,"Sonata in C minor, Hob. XVI:20, 1st Mvt."
5,Ludwig van Beethoven,"Sonata in F minor, Op. 2, No. 1, 1st Mvt."
5,Ludwig van Beethoven,"Rondo in C Major, Op. 51, No. 1"
5,W.A. Mozart,"Sonata in B-flat Major, K. 333 (Full)"
5,W.A. Mozart,"Fantasia in C minor, K. 396"
5,Frédéric Chopin,"Trois Écossaises, Op. 72, No. 3"
5,Frédéric Chopin,"Polonaise in C minor, Op. 40, No. 2"
5,Frédéric Chopin,"Nocturne in B Major, Op. 32, No. 1"
5,Frédéric Chopin,"Waltz in G-flat Major, Op. 70, No. 1"
5,Frédéric Chopin,"Prelude in F-sharp Major, Op. 28, No. 13"
5,Frédéric Chopin,"Prelude in A-flat Major, Op. 28, No. 17"
5,Claude Debussy,Menuet from Suite Bergamasque
5,Claude Debussy,Passepied from Suite Bergamasque
5,Claude Debussy,Rêverie
5,Claude Debussy,"La Cathédrale Engloutie' from Préludes, Book 1"
5,Gabriel Fauré,"Romance sans paroles No. 3, Op. 17"
5,Gabriel Fauré,"Nocturne No. 1 in E-flat minor, Op. 33, No. 1"
5,Enrique Granados,"Andaluza (Playera) from 12 Danzas Españolas, Op. 37, No. 5"
5,Enrique Granados,"Villanesca from Danzas Españolas, Op. 37, No. 4"
5,Edvard Grieg,"March of the Dwarfs, Op. 54, No. 3"
5,Edvard Grieg,"Nocturne, Op. 54, No. 4"
5,Edvard Grieg,"Shepherd's Boy, Op. 54, No. 1"
5,George Frideric Handel,The Harmonious Blacksmith (Air and Variations from Suite No. 5)
5,J.S. Bach,"French Suite No. 5 in G Major, BWV 816 (Selections: Allemande, Courante)"
5,J.S. Bach,"Prelude and Fugue in C-sharp major, BWV 848 (WTC 1)"
5,J.S. Bach,"Prelude and Fugue in D major, BWV 850 (WTC 1)"
5,J.S. Bach,"Italian Concerto, BWV 971, 1st Mvt."
5,Franz Liszt,"Il Penseroso, from Années de Pèlerinage II"
5,Franz Liszt,Consolation No. 5
5,Edward MacDowell,"A.D. 1620, from Sea Pieces, Op. 55, No. 3"
5,Felix Mendelssohn,"Song Without Words, Op. 102, No. 5"
5,Felix Mendelssohn,"Venetian Gondola Song, Op. 19b, No. 6"
5,Moritz Moszkowski,"Étincelles, Op. 36, No. 6"
5,Sergei Rachmaninoff,"Polichinelle, Op. 3, No. 4"
5,Maurice Ravel,"Sonatine, 1st Mvt."
5,Erik Satie,Gnossienne No. 4
5,Franz Schubert,"Impromptu in A-flat Major, Op. 90, No. 4, D. 899"
5,Franz Schubert,"Sonata in A major, D. 664, 1st Mvt."
5,Robert Schumann,"Vogel als Prophet (The Prophet Bird) from Waldszenen, Op. 82, No. 7"
5,Robert Schumann,"Romanze in F-sharp Major, Op. 28, No. 2"
5,Robert Schumann,"Grillen (Whims) from Fantasiestücke, Op. 12, No. 4"
5,Alexander Scriabin,"Prelude in C-sharp minor, Op. 11, No. 10"
5,Alexander Scriabin,"Poème, Op. 32, No. 1"
5,Pyotr Ilyich Tchaikovsky,"November: Troika from The Seasons, Op. 37a"
5,Pyotr Ilyich Tchaikovsky,"August: Harvest from The Seasons, Op. 37a"
5,Isaac Albéniz,"Córdoba from Cantos de España, Op. 232, No. 4"
5,Ludwig van Beethoven,"Rage Over a Lost Penny, Op. 129"
5,Johannes Brahms,"Ballade in D minor, Op. 10, No. 1"
5,Frédéric Chopin,"Polonaise in C-sharp minor, Op. 26, No. 1"
5,Frédéric Chopin,"Trois Nouvelles Études, No. 1 in F minor"
5,Frédéric Chopin,"Étude in G-flat Major, Op. 10, No. 5 'Black Keys'"
5,Claude Debussy,"Danseuses de Delphes from Préludes, Book 1"
5,Gabriel Fauré,"Barcarolle No. 1 in A minor, Op. 26"
5,Edvard Grieg,"Sonata in E minor, Op. 7, 1st Mvt."
5,J.S. Bach,"Toccata in E minor, BWV 914, 1st section"
5,Franz Liszt,Sposalizio from Années de Pèlerinage II
5,Felix Mendelssohn,"Variations Sérieuses, Op. 54 (Theme and easier variations)"
5,W.A. Mozart,"Sonata in F Major, K. 332, 1st Mvt."
5,Sergei Rachmaninoff,"Prelude in G-flat Major, Op. 23, No. 10"
5,Maurice Ravel,Prélude from Le Tombeau de Couperin
5,Franz Schubert,"Hungarian Melody, D. 817"
5,Robert Schumann,"Aufschwung (Soaring) from Fantasiestücke, Op. 12, No. 2"
5,Alexander Scriabin,"Mazurka in E minor, Op. 25, No. 3"
5,Ludwig van Beethoven,"Piano Sonata No. 5 in C minor, Op. 10, No. 1, 1st Mvt."
5,Johannes Brahms,"Intermezzo in E-flat major, Op. 117, No. 1"
5,Johannes Brahms,"Intermezzo in B-flat minor, Op. 117, No. 2"
5,Frédéric Chopin,"Étude in A-flat major, Op. 25, No. 1 'Aeolian Harp'"
5,Frédéric Chopin,"Étude in F minor, Op. 25, No. 2"
5,Claude Debussy,Clair de Lune from Suite Bergamasque (Perfect capstone)
5,Sergei Rachmaninoff,"Prelude in C-sharp Minor, Op. 3 No. 2 (Classic capstone)"
5,Franz Liszt,Liebestraum No. 3 in A-flat Major (Ambitious capstone)
5,J.S. Bach,"Chromatic Fantasia and Fugue, BWV 903 (Fantasia section)"
5,W.A. Mozart,"Sonata in A minor, K. 310, 1st Mvt."
5,Ludwig van Beethoven,"Piano Sonata No. 17 'The Tempest', Op. 31 No. 2, 3rd Mvt."
5,Frédéric Chopin,"Scherzo No. 2 in B-flat minor, Op. 31 (First section)"
5,Claude Debussy,"Reflets dans l'eau (Reflections in the Water) from Images, Book 1"
5,J.S. Bach,"Prelude and Fugue in F-sharp major, BWV 858 (WTC 1)"
5,J.S. Bach,"Prelude and Fugue in A major, BWV 864 (WTC 1)"
5,J.S. Bach,"Sarabande and Rondeau from Partita No. 2 in C minor, BWV 826"
5,J.S. Bach,"Allemande from Partita No. 4 in D major, BWV 828"
5,W.A. Mozart,"Gigue in G major, K. 574"
5,W.A. Mozart,"Sonata in D Major, K. 284, 1st Mvt."
5,Ludwig van Beethoven,"Piano Sonata No. 10 in G Major, Op. 14 No. 2 (Full)"
5,Ludwig van Beethoven,"Piano Sonata No. 5 in C minor, Op. 10, No. 1 (Full)"
5,Franz Schubert,"Sonata in A minor, D. 784, 1st Mvt."
5,Franz Schubert,"Impromptu in B-flat major, Op. 142, No. 3"
5,Frédéric Chopin,"Étude in E Major, Op. 10, No. 3 'Tristesse'"
5,Frédéric Chopin,"Étude in C-sharp minor, Op. 10, No. 4"
5,Frédéric Chopin,"Étude in G-flat major, Op. 25, No. 9 'Butterfly'"
5,Frédéric Chopin,"Ballade No. 3 in A-flat Major, Op. 47"
5,Frédéric Chopin,"Nocturne in D-flat Major, Op. 27, No. 2"
5,Frédéric Chopin,"Nocturne in E major, Op. 62, No. 2"
5,Robert Schumann,"Warum?' from Fantasiestücke, Op. 12, No. 3"
5,Robert Schumann,"The Prophet Bird' from Waldszenen, Op. 82, No. 7"
5,Johannes Brahms,"Intermezzo in C major, Op. 119 No. 3"
5,Johannes Brahms,"Capriccio in B minor, Op. 76, No. 2"
5,Johannes Brahms,"Ballade in G minor, Op. 118, No. 3"
5,Johannes Brahms,"Rhapsody in G minor, Op. 79 No. 2"
5,Franz Liszt,"Sonetto 47 del Petrarca, from Années de Pèlerinage II"
5,Franz Liszt,"Eglogue, from Années de Pèlerinage I"
5,Franz Liszt,Consolation No. 4
5,Gabriel Fauré,"Barcarolle No. 4 in A-flat major, Op. 44"
5,Gabriel Fauré,"Nocturne No. 6 in D-flat Major, Op. 63"
5,Claude Debussy,"Voiles' from Préludes, Book 1"
5,Claude Debussy,"Le vent dans la plaine' from Préludes, Book 1"
5,Claude Debussy,"Les collines d'Anacapri' from Préludes, Book 1"
5,Maurice Ravel,Pavane pour une infante défunte
5,Sergei Rachmaninoff,"Prelude in E-flat major, Op. 23, No. 6"
5,Sergei Rachmaninoff,"Prelude in C minor, Op. 23, No. 7"
5,Sergei Rachmaninoff,"Étude-Tableau, Op. 33, No. 8 in G minor"
5,Alexander Scriabin,"Poème, Op. 32, No. 2"
5,Alexander Scriabin,"Prelude, Op. 11, No. 14 in E-flat minor"
5,Isaac Albéniz,Cataluña (Corranda) from Suite Española No. 1
5,Ludwig van Beethoven,"Rondo in B-flat major, Anh. 6"
5,Franz Schubert,"Allegro in C minor, D. 915"
5,Gabriel Fauré,"Valse-Caprice No. 1 in A major, Op. 30"
5,Edvard Grieg,"Puck, Op. 71, No. 3"
5,Domenico Scarlatti,"Sonata in C Major, K. 132"
5,Domenico Scarlatti,"Sonata in F minor, K. 184"
5,J.S. Bach,"Toccata in G major, BWV 916 (1st section)"
5,C.P.E. Bach,Solfeggietto in C minor
5,Béla Bartók,Romanian Folk Dance No. 3 'In One Spot'
5,Antonín Dvořák,Humoresque in G-flat major
5,Frédéric Chopin,"Feuille d'album, B. 158"
level,composer,title
6,W.A. Mozart,"Piano Sonata in B-flat Major, K. 333, 1st Mvt."
6,Joseph Haydn,"Piano Sonata in E-flat Major, Hob. XVI:49, 1st Mvt."
6,Gabriel Fauré,"Nocturne No. 4 in E-flat Major, Op. 36"
6,Frédéric Chopin,"Nocturne in B Major, Op. 32 No. 1"
6,Frédéric Chopin,"Nocturne in G minor, Op. 37, No. 1"
6,J.S. Bach,"Prelude and Fugue in C-sharp Major, BWV 848 (from WTC Book 1)"
6,Franz Schubert,"Impromptu in A-flat Major, Op. 90 No. 4, D. 899"
6,Johannes Brahms,"Intermezzo in B minor, Op. 119 No. 1"
6,Johannes Brahms,"Intermezzo in C-sharp minor, Op. 117, No. 3"
6,Johannes Brahms,"Capriccio in F-sharp minor, Op. 76, No. 1"
6,Maurice Ravel,Prélude from Le Tombeau de Couperin
6,Claude Debussy,Prélude from Suite Bergamasque
6,Ludwig van Beethoven,"Piano Sonata No. 1 in F minor, Op. 2 No. 1, 1st Mvt."
6,Ludwig van Beethoven,"Piano Sonata No. 1 in F minor, Op. 2 No. 1 (Full)"
6,Ludwig van Beethoven,"Piano Sonata No. 6 in F Major, Op. 10, No. 2, 1st Mvt."
6,Claude Debussy,Passepied from Suite Bergamasque
6,Maurice Ravel,"Sonatine, 1st Mvt. (Modéré)"
6,Maurice Ravel,Sonatine (Full)
6,Frédéric Chopin,"Polonaise in C-sharp minor, Op. 26 No. 1"
6,Frédéric Chopin,"Polonaise in E-flat minor, Op. 26, No. 2"
6,Franz Schubert,"Impromptu in E-flat Major, Op. 90 No. 2, D. 899"
6,J.S. Bach,"Italian Concerto, BWV 971, 1st Mvt."
6,J.S. Bach,"Italian Concerto, BWV 971 (Full)"
6,Johannes Brahms,"Intermezzo in E Major, Op. 116 No. 4"
6,J.S. Bach,"French Suite No. 6 in E Major, BWV 817 (Full)"
6,J.S. Bach,"Prelude and Fugue in G Major, BWV 884 (WTC 2)"
6,Ludwig van Beethoven,"Piano Sonata No. 7 in D Major, Op. 10, No. 3, 1st Mvt."
6,Ludwig van Beethoven,"Rondo in G Major, Op. 51, No. 2"
6,Johannes Brahms,"Capriccio in B minor, Op. 76, No. 2"
6,Johannes Brahms,"Intermezzo in A minor, Op. 76, No. 7"
6,Frédéric Chopin,"Waltz in A-flat Major, Op. 34, No. 1"
6,Frédéric Chopin,"Waltz in F Major, Op. 34, No. 3"
6,Frédéric Chopin,"Nocturne in D-flat Major, Op. 27, No. 2"
6,Frédéric Chopin,"Mazurka in C-sharp minor, Op. 50, No. 3"
6,Frédéric Chopin,"Étude in G-flat major, Op. 25, No. 9 'Butterfly'"
6,Ludwig van Beethoven,"Piano Sonata No. 8 'Pathétique', Op. 13 (Full)"
6,Gabriel Fauré,"Barcarolle No. 4 in A-flat Major, Op. 44"
6,Frédéric Chopin,"Nocturne in F-sharp Major, Op. 15 No. 2"
6,Frédéric Chopin,"Trois Nouvelles Études, No. 1 in F minor"
6,Maurice Ravel,Pavane pour une infante défunte
6,Franz Liszt,Un Sospiro (Concert Étude No. 3)
6,W.A. Mozart,"Piano Sonata in A minor, K. 310, 1st Mvt."
6,W.A. Mozart,"Piano Sonata in A minor, K. 310 (Full)"
6,Ludwig van Beethoven,"Piano Sonata No. 17 'The Tempest', Op. 31 No. 2, 3rd Mvt."
6,Ludwig van Beethoven,"Piano Sonata No. 17 'The Tempest', Op. 31, No. 2 (Full)"
6,Sergei Rachmaninoff,"Prelude in G Major, Op. 32 No. 5"
6,Sergei Rachmaninoff,"Prelude in G-sharp minor, Op. 32, No. 12"
6,Sergei Rachmaninoff,"Élégie, Op. 3, No. 1"
6,Johannes Brahms,"Rhapsody in G minor, Op. 79 No. 2"
6,Claude Debussy,"Reflets dans l'eau' from Images, Book 1"
6,Claude Debussy,"Hommage à Rameau' from Images, Book 1"
6,Claude Debussy,Prélude from Pour le piano
6,Claude Debussy,Toccata from Pour le piano
6,Claude Debussy,"Cloches à travers les feuilles' from Images, Book 2"
6,J.S. Bach,"Prelude and Fugue in F-sharp minor, BWV 859 (from WTC Book 1)"
6,J.S. Bach,"Partita No. 1 in B-flat Major, BWV 825 (Full)"
6,J.S. Bach,"Partita No. 2 in C minor, BWV 826 (Sinfonia)"
6,Domenico Scarlatti,"Sonata in E Major, K. 20"
6,Domenico Scarlatti,"Sonata in D minor, K. 141"
6,Gabriel Fauré,"Impromptu No. 2 in F minor, Op. 31"
6,Gabriel Fauré,"Nocturne No. 6 in D-flat Major, Op. 63"
6,Enrique Granados,"Quejas, o La Maja y el ruiseñor (The Maiden and the Nightingale) from Goyescas"
6,Joseph Haydn,"Sonata in C minor, Hob. XVI:20 (Full)"
6,Joseph Haydn,"Sonata in E-flat Major, Hob. XVI:52, 1st Mvt."
6,Franz Liszt,"Sonetto 47 del Petrarca, from Années de Pèlerinage II"
6,Franz Liszt,"Sonetto 104 del Petrarca, from Années de Pèlerinage II"
6,Franz Liszt,"Au bord d'une source, from Années de Pèlerinage I"
6,Franz Liszt,"Les cloches de Genève, from Années de Pèlerinage I"
6,Felix Mendelssohn,"Prelude and Fugue in E minor, Op. 35, No. 1"
6,W.A. Mozart,"Sonata in D Major, K. 311, 1st Mvt."
6,W.A. Mozart,"Fantasia in C minor, K. 475"
6,W.A. Mozart,"Sonata in C minor, K. 457 (Full)"
6,Maurice Ravel,Menuet sur le nom d'Haydn
6,Maurice Ravel,Forlane from Le Tombeau de Couperin
6,Franz Schubert,"Sonata in A minor, D. 537, 1st Mvt."
6,Robert Schumann,"In der Nacht (In the Night), from Fantasiestücke, Op. 12, No. 5"
6,Robert Schumann,"Traumes Wirren (Dream's Confusions), from Op. 12, No. 7"
6,Robert Schumann,"Papillons, Op. 2"
6,Robert Schumann,"Blumenstück, Op. 19"
6,Alexander Scriabin,"Prelude for the Left Hand, Op. 9, No. 1"
6,Alexander Scriabin,Poème de l'extase (piano transcription)
6,Frédéric Chopin,"Scherzo No. 1 in B minor, Op. 20"
6,Frédéric Chopin,"Étude in G-flat Major 'Black Keys', Op. 10 No. 5"
6,Frédéric Chopin,"Étude in E Major, Op. 10, No. 3 'Tristesse'"
6,Frédéric Chopin,"Étude in C-sharp minor, Op. 25, No. 7"
6,Ludwig van Beethoven,"Piano Sonata No. 17 'The Tempest', Op. 31 No. 2, 1st Mvt."
6,Felix Mendelssohn,"Variations Sérieuses, Op. 54"
6,Robert Schumann,"Aufschwung' from Fantasiestücke, Op. 12"
6,Maurice Ravel,Ondine' from Gaspard de la nuit (The most accessible of the three)
6,Franz Liszt,Liebestraum No. 3 in A-flat Major
6,Sergei Rachmaninoff,"Prelude in G minor, Op. 23 No. 5"
6,Sergei Rachmaninoff,"Prelude in B-flat Major, Op. 23, No. 2"
6,Sergei Rachmaninoff,"Prelude in D Major, Op. 23, No. 4"
6,Frédéric Chopin,"Ballade No. 1 in G minor, Op. 23"
6,Frédéric Chopin,"Ballade No. 3 in A-flat Major, Op. 47"
6,Frédéric Chopin,"Nocturne in C-sharp minor, Op. 27 No. 1"
6,Frédéric Chopin,"Nocturne in C minor, Op. 48, No. 1"
6,J.S. Bach,"Toccata in E minor, BWV 914"
6,J.S. Bach,"Toccata in C minor, BWV 911"
6,Frédéric Chopin,"Berceuse in D-flat Major, Op. 57"
6,Frédéric Chopin,"Ballade No. 2 in F Major, Op. 38"
6,Ludwig van Beethoven,"Piano Sonata No. 26 'Les Adieux', Op. 81a, 1st Mvt."
6,Ludwig van Beethoven,"Piano Sonata No. 26 'Les Adieux', Op. 81a (Full)"
6,Claude Debussy,"La cathédrale engloutie' from Préludes, Book 1"
6,Claude Debussy,"Les collines d'Anacapri' from Préludes, Book 1"
6,Ludwig van Beethoven,"Rondo a capriccio 'Rage Over a Lost Penny', Op. 129"
6,César Franck,"Prélude, Choral et Fugue (Prélude and Choral sections)"
6,Frédéric Chopin,"Scherzo No. 2 in B-flat minor, Op. 31"
6,Ludwig van Beethoven,"Piano Sonata No. 21 'Waldstein', Op. 53, 1st Mvt."
6,J.S. Bach,"Chromatic Fantasia and Fugue, BWV 903"
6,Claude Debussy,Jardins sous la pluie' from Estampes
6,Claude Debussy,La soirée dans Grenade' from Estampes
6,Frédéric Chopin,"Étude in C minor 'Revolutionary', Op. 10 No. 12"
6,Alexander Scriabin,"Étude in D-sharp minor, Op. 8 No. 12 (Capstone)"
6,Franz Liszt,"Valse-Impromptu, S. 213"
6,Franz Liszt,Gnomenreigen (Dance of the Gnomes)
6,Robert Schumann,"Carnaval, Op. 9 (Selections: Pierrot, Arlequin, Valse noble)"
6,Johannes Brahms,"Ballade in G minor, Op. 118, No. 3"
6,Johannes Brahms,"Intermezzo in C major, Op. 119, No. 3"
6,Frédéric Chopin,"Tarantelle in A-flat major, Op. 43"
6,Frédéric Chopin,"Polonaise in A-flat major, Op. 61 'Polonaise-Fantaisie' (first sections)"
6,Claude Debussy,Danse' (Tarantelle styrienne)
6,Gabriel Fauré,"Theme and Variations, Op. 73 (Theme and easier variations)"
6,Edvard Grieg,"Ballade in G minor, Op. 24 (Theme and easier variations)"
6,Sergei Rachmaninoff,"Humoresque, Op. 10, No. 5"
6,Maurice Ravel,Alborada del gracioso from Miroirs (Ambitious for this level)
6,Franz Schubert,"Impromptu in B-flat Major, D. 935, No. 3 (Rosamunde)"
6,Ludwig van Beethoven,"Piano Sonata No. 18 'The Hunt', Op. 31, No. 3, 1st Mvt."
6,Ludwig van Beethoven,"Andante Favori, WoO 57"
6,Johannes Brahms,"Variations on a Hungarian Song, Op. 21, No. 2"
6,Frédéric Chopin,"Barcarolle in F-sharp Major, Op. 60 (Ambitious)"
6,Claude Debussy,L'isle joyeuse (Ambitious)
6,Franz Liszt,Rigoletto Paraphrase (Concert Paraphrase on Verdi's Opera)
6,Franz Liszt,Hungarian Rhapsody No. 12
6,Nikolai Medtner,"Fairy Tale (Skazka) in B-flat minor, Op. 20, No. 1"
6,Moritz Moszkowski,"Caprice Espagnol, Op. 37"
6,Sergei Rachmaninoff,"Prelude in E-flat major, Op. 23, No. 6"
6,Robert Schumann,"Abegg Variations, Op. 1"
6,Alexander Scriabin,"Sonata No. 2 in G-sharp minor (Sonata-Fantasy), 1st Mvt."
6,Ludwig van Beethoven,"32 Variations in C minor, WoO 80"
6,J.S. Bach-Busoni,Chaconne in D minor (First sections)
6,Frédéric Chopin,"Andante spianato et Grande Polonaise brillante, Op. 22 (Andante spianato part)"
6,Franz Liszt,Paganini Étude No. 6 in A minor (Theme and Variations)
6,Franz Schubert,"Wanderer Fantasy, D. 760, 1st Mvt."
6,Ludwig van Beethoven,"Piano Sonata No. 23 'Appassionata', Op. 57, 1st Mvt."
6,Frédéric Chopin,"Étude in A minor, Op. 25, No. 11 'Winter Wind' (Slow practice)"
6,Maurice Ravel,Jeux d'eau
6,Frédéric Chopin,"Polonaise in A-flat Major 'Heroic', Op. 53 (Ultimate Capstone for L6)"
6,Franz Liszt,Hungarian Rhapsody No. 2 (Lassan and easier Friska sections)
6,Joseph Haydn,"Sonata No. 4 in C minor, Hob. XVI:33 (Full)"
7,Johannes Brahms,"Rhapsody in B minor, Op. 79 No. 1"
7,Frédéric Chopin,"Ballade No. 3 in A-flat Major, Op. 47"
7,Robert Schumann,"In der Nacht' from Fantasiestücke, Op. 12"
7,Ludwig van Beethoven,"Piano Sonata No. 14 'Moonlight', Op. 27 No. 2, 3rd Mvt."
7,Frédéric Chopin,"Nocturne in C minor, Op. 48 No. 1 (A dramatic ballade in disguise)"
7,Frédéric Chopin,"Nocturne in E-flat Major, Op. 55, No. 2"
7,Frédéric Chopin,"Polonaise in F-sharp minor, Op. 44"
7,J.S. Bach,"Partita No. 2 in C minor, BWV 826 (full)"
7,J.S. Bach,"Partita No. 6 in E minor, BWV 830 (Toccata)"
7,Claude Debussy,L'isle joyeuse'
7,Maurice Ravel,Alborada del gracioso' from Miroirs
7,Franz Liszt,Hungarian Rhapsody No. 6 in D-flat Major
7,Franz Liszt,Hungarian Rhapsody No. 10 in E Major 'Preludio'
7,Alexander Scriabin,"Sonata No. 4 in F-sharp Major, Op. 30 'Poem of Ecstasy'"
7,Alexander Scriabin,"Poème, Op. 32, No. 2"
7,Robert Schumann,"Carnaval, Op. 9 (Selections like 'Eusebius', 'Florestan', 'Chiarina')"
7,Robert Schumann,"Carnaval, Op. 9 (Complete)"
7,Frédéric Chopin,"Barcarolle in F-sharp Major, Op. 60"
7,Frédéric Chopin,"Étude in A minor 'Winter Wind', Op. 25 No. 11"
7,Franz Liszt,Mephisto Waltz No. 1
7,Sergei Rachmaninoff,"Moment Musicaux in E minor, Op. 16 No. 4"
7,Sergei Rachmaninoff,"Moment Musicaux in D-flat Major, Op. 16, No. 5"
7,Ludwig van Beethoven,"Piano Sonata No. 23 'Appassionata', Op. 57, 1st Mvt."
7,Ludwig van Beethoven,"Piano Sonata No. 23 'Appassionata', Op. 57 (Full)"
7,Ludwig van Beethoven,"32 Variations in C minor, WoO 80"
7,Frédéric Chopin,"Polonaise-Fantaisie, Op. 61"
7,Robert Schumann,"Symphonic Études, Op. 13 (Theme and easier variations)"
7,Robert Schumann,"Toccata in C Major, Op. 7 (Slow Practice)"
7,J.S. Bach,"English Suite No. 2 in A minor, BWV 807 (Prelude)"
7,J.S. Bach,"English Suite No. 3 in G minor, BWV 808 (Gavotte I & II)"
7,J.S. Bach,"Fantasia and Fugue in A minor, BWV 904"
7,J.S. Bach,"Toccata and Fugue in D minor, BWV 565 (arr. Tausig)"
7,Johannes Brahms,"Rhapsody in E-flat Major, Op. 119, No. 4"
7,Johannes Brahms,"Ballade in D Major, Op. 10, No. 2"
7,Johannes Brahms,"Scherzo in E-flat minor, Op. 4"
7,Gabriel Fauré,"Nocturne No. 13 in B minor, Op. 119"
7,Gabriel Fauré,"Impromptu No. 3 in A-flat, Op. 34"
7,Franz Liszt,"La Campanella (from Grandes études de Paganini, S. 141)"
7,Frédéric Chopin,"Scherzo No. 3 in C-sharp minor, Op. 39"
7,Isaac Albéniz,Evocación' from Iberia
7,Isaac Albéniz,El Puerto' from Iberia
7,Franz Liszt,Hungarian Rhapsody No. 2 in C-sharp minor
7,Frédéric Chopin,"Étude in C Major, Op. 10 No. 1"
7,Frédéric Chopin,"Étude in A minor, Op. 10 No. 2"
7,Frédéric Chopin,"Étude in C-sharp minor, Op. 10, No. 4"
7,Frédéric Chopin,"Étude in E-flat minor, Op. 10, No. 6"
7,Frédéric Chopin,"Étude in F Major, Op. 10, No. 8"
7,Frédéric Chopin,"Étude in F minor, Op. 10, No. 9"
7,Frédéric Chopin,"Étude in A-flat Major, Op. 25, No. 1 'Aeolian Harp'"
7,Frédéric Chopin,"Étude in G-sharp minor, Op. 25, No. 6 'Thirds'"
7,Frédéric Chopin,"Étude in B minor, Op. 25, No. 10 'Octave'"
7,Maurice Ravel,Toccata from Le Tombeau de Couperin
7,Claude Debussy,"Images, Book 1 (full)"
7,Claude Debussy,"Images, Book 2 (full)"
7,Claude Debussy,"Estampes (Full Suite: Pagodes, La soirée dans Grenade, Jardins sous la pluie)"
7,César Franck,"Prélude, Choral et Fugue (full)"
7,Johannes Brahms,"Variations on a Theme by Paganini, Op. 35, Book II"
7,Frédéric Chopin,"Piano Sonata No. 2 in B-flat minor, Op. 35 ('Funeral March')"
7,Frédéric Chopin,"Piano Sonata No. 3 in B minor, Op. 58, 1st Mvt."
7,Sergei Rachmaninoff,"Prelude in B minor, Op. 32 No. 10"
7,Sergei Rachmaninoff,"Prelude in D-flat Major, Op. 23, No. 1"
7,Robert Schumann,"Fantasie in C, Op. 17, 1st Mvt."
7,Robert Schumann,"Fantasie in C, Op. 17 (Full)"
7,Claude Debussy,"Feux d'artifice' from Préludes, Book 2"
7,Claude Debussy,"Brouillards' from Préludes, Book 2"
7,Claude Debussy,"Ondine' from Préludes, Book 2"
7,Franz Liszt,Feux Follets' (Transcendental Étude No. 5)
7,Franz Liszt,Vision' (Transcendental Étude No. 6)
7,Frédéric Chopin,"Ballade No. 4 in F minor, Op. 52"
7,Sergei Prokofiev,"Toccata in D minor, Op. 11"
7,Sergei Prokofiev,"Suggestion diabolique, Op. 4, No. 4"
7,Ludwig van Beethoven,"Piano Sonata No. 21 'Waldstein', Op. 53 (full)"
7,Johannes Brahms,"Intermezzo in E-flat minor, Op. 118 No. 6 (Musically profound)"
7,Frédéric Chopin,"Polonaise in A-flat Major 'Heroic', Op. 53"
7,Franz Liszt,Au bord d'une source' from Années de pèlerinage
7,Sergei Rachmaninoff,"Étude-Tableau in E-flat minor, Op. 39 No. 5"
7,Sergei Rachmaninoff,"Étude-Tableau in C minor, Op. 39, No. 1"
7,Alexander Scriabin,"Vers la flamme, Op. 72"
7,Alexander Scriabin,"Sonata No. 5, Op. 53"
7,Alexander Scriabin,"Poème de l'extase, Op. 54"
7,Franz Schubert,"Fantasy in C major, 'Wanderer Fantasy', D. 760"
7,Franz Schubert,"Sonata in A Major, D. 959, 1st Mvt."
7,Robert Schumann,"Kreisleriana, Op. 16"
7,J.S. Bach-Busoni,Chaconne in D minor
7,Maurice Ravel,Jeux d'eau'
7,Frédéric Chopin,"Scherzo No. 4 in E Major, Op. 54 (Capstone)"
7,Ludwig van Beethoven,"Eroica Variations, Op. 35"
7,Ludwig van Beethoven,"Piano Sonata No. 3 in C Major, Op. 2, No. 3 (Full)"
7,Ludwig van Beethoven,"Piano Sonata No. 15 'Pastoral', Op. 28 (Full)"
7,Ludwig van Beethoven,"Piano Sonata No. 27 in E minor, Op. 90"
7,Johannes Brahms,"Variations on an Original Theme, Op. 21, No. 1"
7,Johannes Brahms,"Four Ballades, Op. 10 (Full set)"
7,Johannes Brahms,"Piano Pieces, Op. 118 (Full set)"
7,Frédéric Chopin,"Rondo à la mazur, Op. 5"
7,Frédéric Chopin,"Rondo in E-flat Major, Op. 16"
7,Frédéric Chopin,"Fantaisie in F minor, Op. 49"
7,Claude Debussy,Pour le piano (Full Suite)
7,Gabriel Fauré,"Theme and Variations in C-sharp minor, Op. 73"
7,César Franck,"Prélude, Aria, et Final"
7,Enrique Granados,Allegro de concierto
7,Joseph Haydn,"Variations in F minor (Un piccolo divertimento), Hob. XVII:6"
7,Franz Liszt,"Bénédiction de Dieu dans la solitude, from Harmonies poétiques et religieuses"
7,Franz Liszt,"Funérailles, from Harmonies poétiques et religieuses"
7,Franz Liszt,"Vallée d'Obermann, from Années de Pèlerinage I"
7,Franz Liszt,Valse Oubliée No. 1
7,Franz Liszt,Paganini Étude No. 5 'La Chasse'
7,Nikolai Medtner,"Sonata Reminiscenza, Op. 38, No. 1"
7,Felix Mendelssohn,"Andante and Rondo Capriccioso, Op. 14"
7,Felix Mendelssohn,"Fantasy in F-sharp minor, Op. 28 'Sonate écossaise'"
7,Moritz Moszkowski,"Etude in A-flat Major, Op. 72, No. 11"
7,W.A. Mozart,"Variations on 'Lison dormait', K. 264"
7,W.A. Mozart,"Sonata in F Major, K. 533/494 (Full)"
7,Sergei Prokofiev,"Sonata No. 2 in D minor, Op. 14, 1st Mvt."
7,Sergei Prokofiev,"Visions Fugitives, Op. 22 (Selections)"
7,Sergei Rachmaninoff,"Variations on a Theme of Chopin, Op. 22 (Theme and easier variations)"
7,Sergei Rachmaninoff,"Moments Musicaux, Op. 16 (Full set)"
7,Sergei Rachmaninoff,Polka de W.R.
7,Maurice Ravel,Valses nobles et sentimentales
7,Maurice Ravel,Menuet Antique
7,Franz Schubert,"Sonata in B-flat Major, D. 960, 1st Mvt."
7,Franz Schubert,"Grazer Fantasie, D. 605A"
7,Robert Schumann,"Waldszenen (Forest Scenes), Op. 82 (Full set)"
7,Alexander Scriabin,"Fantasy in B minor, Op. 28"
7,Alexander Scriabin,"Waltz in A-flat Major, Op. 38"
7,Alexander Scriabin,"Prelude and Nocturne for the Left Hand, Op. 9"
7,Isaac Albéniz,"El Albaicín, from Iberia"
7,J.S. Bach-Rachmaninoff,"Suite from Violin Partita in E Major (Prelude, Gavotte, Gigue)"
7,Ludwig van Beethoven,"Piano Sonata No. 31 in A-flat Major, Op. 110, 1st Mvt."
7,Frédéric Chopin,"Nocturne in E Major, Op. 62, No. 2"
7,Claude Debussy,"Mouvement' from Images, Book 1"
7,Franz Liszt,Harmonies du soir (Transcendental Étude No. 11)
7,Nikolai Medtner,"Sonata-Ballada in F-sharp Major, Op. 27"
7,Francis Poulenc,Trois Mouvements Perpétuels
7,Sergei Prokofiev,"Sonata No. 6 in A Major, Op. 82, 1st Mvt."
7,Sergei Rachmaninoff,"Étude-Tableau in D Major, Op. 39, No. 9"
7,Maurice Ravel,Gaspard de la nuit (Full triptych)
7,Franz Schubert-Liszt,Ständchen (Serenade)
7,Franz Schubert-Liszt,Gretchen am Spinnrade
7,Robert Schumann-Liszt,Widmung (Dedication)
7,Alexander Scriabin,"Sonata No. 3 in F-sharp minor, Op. 23"
7,Igor Stravinsky,Tango
7,Karol Szymanowski,"Variations on a Polish Folk Theme, Op. 10"
7,Wagner-Liszt,Isolde's Liebestod from Tristan und Isolde
7,Carl Maria von Weber,"Invitation to the Dance, Op. 65"
7,Frédéric Chopin,"Étude in G-sharp minor, Op. 25, No. 6 'Thirds' (Capstone)"
7,Ludwig van Beethoven,"Piano Sonata No. 29 'Hammerklavier', Op. 106, 1st Mvt. (Ultimate Capstone for L7)"
8,Frédéric Chopin,"Étude in C-sharp minor, Op. 10 No. 4"
8,Frédéric Chopin,"Étude in G-sharp minor 'Thirds', Op. 25 No. 6"
8,Frédéric Chopin,"Étude in D-flat Major 'Sixths', Op. 25 No. 8"
8,Isaac Albéniz,Triana' from Iberia
8,Isaac Albéniz,Lavapiés' from Iberia
8,Franz Liszt,"Concert Paraphrase on Verdi's 'Rigoletto', S. 434"
8,Franz Liszt,"Spanish Rhapsody, S. 254"
8,Frédéric Chopin,"Piano Sonata No. 3 in B minor, Op. 58"
8,Frédéric Chopin,"Allegro de Concert, Op. 46"
8,Johannes Brahms,"Variations and Fugue on a Theme by Handel, Op. 24"
8,Robert Schumann,"Toccata in C Major, Op. 7"
8,Sergei Rachmaninoff,"Piano Sonata No. 2 in B-flat minor, Op. 36 (1931 version)"
8,Sergei Rachmaninoff,"Variations on a Theme of Corelli, Op. 42"
8,Sergei Prokofiev,"Piano Sonata No. 3 in A minor, Op. 28"
8,Claude Debussy,"Études, Book 1 (e.g., 'Pour les cinq doigts')"
8,Claude Debussy,"Études, Book 2 (e.g., 'Pour les sixtes')"
8,Alexander Scriabin,"Piano Sonata No. 5, Op. 53"
8,Maurice Ravel,La Valse'
8,Franz Liszt,Mazeppa' (Transcendental Étude No. 4)
8,Franz Liszt,Wilde Jagd' (Transcendental Étude No. 8)
8,Franz Liszt,Transcendental Étude No. 1 'Preludio'
8,Franz Liszt,Transcendental Étude No. 2 'Fusées'
8,Franz Liszt,Transcendental Étude No. 10 in F minor
8,Charles-Valentin Alkan,Le festin d'Ésope' from 12 Études in All the Minor Keys
8,Charles-Valentin Alkan,Symphony for Solo Piano' from 12 Études in All the Minor Keys
8,Ludwig van Beethoven,"33 Variations on a Waltz by Diabelli, Op. 120"
8,Sergei Prokofiev,"Piano Sonata No. 7 in B-flat Major, Op. 83 'Stalingrad'"
8,Sergei Prokofiev,"Piano Sonata No. 8 in B-flat Major, Op. 84"
8,Igor Stravinsky,Trois mouvements de Petrouchka
8,Franz Liszt,"Sonata in B minor, S. 178"
8,J.S. Bach,"The Goldberg Variations, BWV 988"
8,Ludwig van Beethoven,"Piano Sonata No. 29 'Hammerklavier', Op. 106, 1st & 2nd Mvts."
8,Ludwig van Beethoven,"Piano Sonata No. 29 'Hammerklavier', Op. 106 (Full)"
8,Mily Balakirev,Islamey (An Oriental Fantasy)
8,Franz Liszt,Après une lecture du Dante: Fantasia quasi Sonata'
8,Johannes Brahms,"Piano Concerto No. 2 in B-flat Major, Op. 83 (Solo part)"
8,Johannes Brahms,"Piano Concerto No. 1 in D minor, Op. 15 (Solo part)"
8,Modest Mussorgsky,Pictures at an Exhibition
8,Maurice Ravel,Gaspard de la nuit (The full triptych)
8,Sergei Rachmaninoff,"Piano Concerto No. 3 in D minor, Op. 30 (Solo part)"
8,Sergei Rachmaninoff,"Piano Concerto No. 2 in C minor, Op. 18 (Solo part)"
8,Sergei Prokofiev,"Piano Concerto No. 2 in G minor, Op. 16 (Solo part)"
8,Sergei Prokofiev,"Piano Concerto No. 3 in C Major, Op. 26 (Solo part)"
8,Johannes Brahms,"Variations on a Theme by Paganini, Op. 35 (Both books)"
8,Alexander Scriabin,"Piano Sonata No. 9 'Black Mass', Op. 68"
8,Alexander Scriabin,"Piano Sonata No. 10, Op. 70 'Trill Sonata'"
8,Franz Liszt,"Réminiscences de Don Juan, S. 418"
8,Franz Liszt,"Réminiscences de Norma, S. 394"
8,Carl Vine,Piano Sonata No. 1
8,Samuel Barber,"Piano Sonata, Op. 26"
8,Olivier Messiaen,Regard de l'Esprit de joie' from Vingt regards sur l'enfant-Jésus
8,Olivier Messiaen,Le baiser de l'Enfant-Jésus' from Vingt regards
8,Elliott Carter,Piano Sonata
8,Béla Bartók,"Piano Sonata, Sz. 80"
8,Béla Bartók,"Out of Doors Suite, Sz. 81"
8,Igor Stravinsky,Piano-Rag-Music
8,György Ligeti,Étude No. 13 'L'escalier du diable'
8,György Ligeti,Étude No. 6 'Automne à Varsovie'
8,Charles Ives,"Piano Sonata No. 2, 'Concord'"
8,Leopold Godowsky,"Studies on Chopin's Études (e.g., 'Ignis Fatuus' on Op. 10 No. 5)"
8,Leopold Godowsky,Passacaglia on a Theme of Schubert
8,KaIkhosru Shapurji Sorabji,Opus clavicembalisticum (Selections)
8,Pierre Boulez,Piano Sonata No. 2
8,Pierre Boulez,Piano Sonata No. 1
8,Béla Bartók,"Piano Concerto No. 2, Sz. 95 (Solo part)"
8,Béla Bartók,"Piano Concerto No. 1, Sz. 83 (Solo part)"
8,Franz Liszt,"Hexaméron, S. 392"
8,Charles-Valentin Alkan,Concerto for Solo Piano from 12 Études in All the Minor Keys
8,Ludwig van Beethoven,"Piano Concerto No. 5 'Emperor', Op. 73 (Solo part)"
8,Ludwig van Beethoven,"Piano Concerto No. 4 in G Major, Op. 58 (Solo part)"
8,Frédéric Chopin,"Piano Concerto No. 1 in E minor, Op. 11 (Solo part)"
8,Frédéric Chopin,"Piano Concerto No. 2 in F minor, Op. 21 (Solo part)"
8,Frédéric Chopin,"Études, Op. 10 (Complete set)"
8,Frédéric Chopin,"Études, Op. 25 (Complete set)"
8,Edvard Grieg,"Piano Concerto in A minor, Op. 16 (Solo part)"
8,Robert Schumann,"Piano Concerto in A minor, Op. 54 (Solo part)"
8,Pyotr Ilyich Tchaikovsky,"Piano Concerto No. 1 in B-flat minor, Op. 23 (Solo part)"
8,J.S. Bach,"The Art of Fugue, BWV 1080 (Selections)"
8,J.S. Bach,"Chromatic Fantasia and Fugue, BWV 903 (Complete)"
8,J.S. Bach,"Toccata in C minor, BWV 911"
8,J.S. Bach,"Toccata in D Major, BWV 912"
8,J.S. Bach,"Toccata in F-sharp minor, BWV 910"
8,Mily Balakirev,The Lark (Glinka transcription)
8,Béla Bartók,Allegro Barbaro
8,Ludwig van Beethoven,"Polonaise in C major, Op. 89"
8,Alban Berg,"Piano Sonata, Op. 1"
8,Luciano Berio,Sequenza IV
8,Pierre Boulez,Douze Notations
8,Ferruccio Busoni,"Toccata: Preludio, Fantasia, Ciaccona"
8,Ferruccio Busoni,Sonatina Seconda
8,Elliott Carter,Caténaires
8,Aaron Copland,Piano Variations
8,Henri Dutilleux,Sonate pour piano
8,George Enescu,"Piano Sonata No. 1 in F-sharp minor, Op. 24"
8,Gabriel Fauré,"Nocturne No. 13 in B minor, Op. 119"
8,Alberto Ginastera,"Piano Sonata No. 1, Op. 22"
8,Alberto Ginastera,Danzas Argentinas
8,Enrique Granados,"El Amor y la Muerte, from Goyescas"
8,Charles Tomlinson Griffes,The White Peacock
8,Paul Hindemith,Piano Sonata No. 3 in B-flat
8,Charles Ives,Three-Page Sonata
8,Leoš Janáček,In the Mists
8,Dmitri Kabalevsky,"Piano Sonata No. 3, Op. 46"
8,Nikolai Kapustin,"Eight Concert Etudes, Op. 40"
8,György Ligeti,Étude No. 1 'Désordre'
8,Franz Liszt,Transcendental Études (Complete set)
8,Franz Liszt,Ballade No. 2 in B minor
8,Franz Liszt,Mephisto Waltz No. 2
8,Franz Liszt,Totentanz (Solo piano version)
8,Witold Lutosławski,Piano Sonata
8,Bohuslav Martinů,Fêtes (Fantaisie et Toccata)
8,Nikolai Medtner,"Sonata-Triad, Op. 11"
8,Olivier Messiaen,Île de feu I and II
8,Leo Ornstein,Suicide in an Airplane
8,Sergei Prokofiev,"Sarcasms, Op. 17"
8,Sergei Prokofiev,"Sonata No. 9 in C Major, Op. 103"
8,Sergei Rachmaninoff,"Études-Tableaux, Op. 33 (Full set)"
8,Sergei Rachmaninoff,"Études-Tableaux, Op. 39 (Full set)"
8,Sergei Rachmaninoff,"Sonata No. 1 in D minor, Op. 28"
8,Maurice Ravel,Le Tombeau de Couperin (Full suite)
8,Max Reger,"Variations and Fugue on a Theme of Bach, Op. 81"
8,Arnold Schoenberg,"Three Piano Pieces, Op. 11"
8,Arnold Schoenberg,"Suite for Piano, Op. 25"
8,Franz Schubert,"Sonata in C minor, D. 958"
8,Erwin Schulhoff,Hot-Sonate (Jazz Sonata)
8,Alexander Scriabin,"Sonata No. 6, Op. 62"
8,Alexander Scriabin,"Sonata No. 7 'White Mass', Op. 64"
8,Alexander Scriabin,"Sonata No. 8, Op. 66"
8,Alexander Scriabin,"Fantasie in B minor, Op. 28"
8,Dmitri Shostakovich,"Prelude and Fugue in D minor, Op. 87, No. 24"
8,Karlheinz Stockhausen,Klavierstück IX
8,Karol Szymanowski,"Masques, Op. 34"
8,Karol Szymanowski,"Métopes, Op. 29"
8,Michael Tippett,Piano Sonata No. 2
8,Galina Ustvolskaya,Piano Sonata No. 6
8,Heitor Villa-Lobos,Rudepoêma
8,Anton Webern,"Variations, Op. 27"
8,Iannis Xenakis,Herma
8,Frederic Rzewski,The People United Will Never Be Defeated! (Theme and easier variations)
8,Liszt-Horowitz,Hungarian Rhapsody No. 2 (with cadenza)
8,Georges Cziffra,Tritsch-Tratsch Polka (Strauss transcription)
8,Marc-André Hamelin,Triple Étude after Chopin
8,KaIkhosru Shapurji Sorabji,Sonata No. 1
8,Michael Finnissy,English Country-Tunes
8,John Adams,Phrygian Gates
8,Philip Glass,Étude No. 2
8,John Cage,Sonatas and Interludes for Prepared Piano (Selections)
8,George Crumb,"Makrokosmos, Vol. 1 (Selections)"
8,Sofia Gubaidulina,Chaconne
8,Alfred Schnittke,Piano Sonata No. 1